mois_traitement,code_prestation,remboursement_part_legale_eur,quantite_prefiltree
202501,3313,1514760560.400000,104574437.000000
202501,2111,728271584.310000,905632.000000
202501,7111,696380511.720000,809141.000000
202501,3311,674070023.370000,1262733.000000
202501,6111,592742929.820000,17341095.000000
202501,1110,482813052.510000,20589468.000000
202501,1352,430125393.640000,9720645.000000
202501,6112,417343103.940000,12512547.000000
202501,6115,399330145.250000,6813189.000000
202501,3111,327488672.300000,59003579.000000
202501,3211,325521237.950000,15925290.000000
202501,8111,302182214.530000,19059.000000
202501,4214,249558324.730000,2019134.000000
202501,1351,223380601.580000,7455814.000000
202501,2351,214805813.480000,1329304.000000
202501,3514,213473969.010000,4138056.000000
202501,1324,181373083.230000,3572077.000000
202501,6122,172852764.120000,3008027.000000
202501,3512,171218258.400000,3899817.000000
202501,3317,168518139.430000,95530.000000
202501,3511,160126175.460000,3310629.000000
202501,1321,156336983.070000,801437.000000
202501,1103,148872040.080000,3155790.000000
202501,4212,145764087.860000,748741.000000
202501,3386,128160231.980000,159549646.000000
202501,3107,123321401.830000,6733688.000000
202501,3320,119724617.050000,59534.000000
202501,2192,118301848.190000,781.000000
202501,3106,115831521.530000,4010142.000000
202501,3312,114366321.640000,20940649.000000
202501,8113,107904783.730000,401.000000
202501,3161,106364870.550000,6564407.000000
202501,2211,104546185.660000,146267.000000
202501,2110,97478016.310000,295451.000000
202501,1842,90702961.580000,36172206.000000
202501,2113,90313208.130000,344887.000000
202501,6121,89811142.710000,1553785.000000
202501,1112,84850272.920000,4134121.000000
202501,1848,81715951.570000,23926909.000000
202501,3551,79397340.370000,148621.000000
202501,1451,78465457.380000,2191958.000000
202501,4213,77887044.040000,891454.000000
202501,3108,76875154.910000,5832309.000000
202501,2200,71246977.760000,234.000000
202501,1323,69556719.850000,789097.000000
202501,3366,68184176.190000,22880361.000000
202501,3132,62713627.680000,2374972.000000
202501,3515,60178794.700000,3206810.000000
202501,2160,58442789.000000,977.000000
202501,6117,58377764.100000,1967356.000000
202501,2161,56621777.570000,1431.000000
202501,6212,53670645.180000,788292.000000
202501,3148,52326954.980000,2554626.000000
202501,1424,52188934.040000,480107.000000
202501,1453,51587452.940000,3518299.000000
202501,2132,44618758.800000,158830.000000
202501,6118,43111763.810000,1475765.000000
202501,3157,41444626.730000,2458999.000000
202501,3152,41084025.620000,3634628.000000
202501,1113,40992176.290000,1015263.000000
202501,3120,40546384.660000,6176497.000000
202501,2352,40364849.140000,431017.000000
202501,3521,32222094.230000,1310686.000000
202501,4232,30273190.320000,192594.000000
202501,1111,29451765.460000,1553140.000000
202501,1325,28952964.500000,644038.000000
202501,3545,28846435.780000,56307.000000
202501,2251,28018473.880000,289792.000000
202501,1353,27206997.960000,2252345.000000
202501,7112,26194364.530000,64440.000000
202501,2135,24718377.880000,89730.000000
202501,3122,24140523.830000,1948255.000000
202501,1911,24106721.450000,703792.000000
202501,1210,24077356.250000,878037.000000
202501,3364,24067760.330000,54304500.000000
202501,3365,23861153.970000,18686355.000000
202501,3116,23405140.570000,19519772.000000
202501,3133,23109949.140000,1381790.000000
202501,3522,23087122.440000,968644.000000
202501,2213,22389872.140000,54633.000000
202501,3163,22040723.290000,2031119.000000
202501,1192,21141535.330000,1108193.000000
202501,1470,20135615.830000,415216.000000
202501,3146,18489461.430000,1046112.000000
202501,1927,18257628.610000,447.000000
202501,1454,18125807.450000,1234870.000000
202501,1088,17529987.350000,1295.000000
202501,3117,17513164.210000,3913065.000000
202501,3390,17326505.040000,7668218.000000
202501,3165,16228572.640000,1451267.000000
202501,2239,16174537.000000,237.000000
202501,1126,16095905.170000,3894580.000000
202501,3341,16052518.930000,8093011.000000
202501,2152,15644418.840000,51856.000000
202501,3336,15452340.940000,6568.000000
202501,1214,15444644.700000,258307.000000
202501,1812,15184917.290000,29276718.000000
202501,7113,15144541.050000,11059.000000
202501,4511,15088594.810000,5353.000000
202501,2169,14670073.510000,335.000000
202501,1811,14449272.480000,42688329.000000
202501,3561,13317274.980000,28942.000000
202501,3318,12429742.210000,12083.000000
202501,1401,12340264.410000,151307.000000
202501,4231,12047730.700000,2394.000000
202501,2151,11940446.150000,15734.000000
202501,3588,11788056.050000,43123.000000
202501,3385,11753513.060000,25951856.000000
202501,3589,11697227.170000,42825.000000
202501,3552,11658782.150000,5753.000000
202501,2148,11337949.370000,110942.000000
202501,2153,11310006.650000,30298.000000
202501,3513,11186501.730000,179340.000000
202501,1412,10526393.550000,73447.000000
202501,1224,10155142.770000,1068531.000000
202501,2263,9568895.470000,922.000000
202501,1418,9539704.890000,167271.000000
202501,1354,9276497.140000,62390.000000
202501,8119,9235426.380000,28.000000
202501,1991,9049125.780000,27404.000000
202501,1195,8967254.730000,2629.000000
202501,3155,8305821.350000,712501.000000
202501,3330,8132995.350000,40538.000000
202501,3162,8028846.260000,695305.000000
202501,1109,7866652.330000,358648.000000
202501,4233,7825123.450000,49900.000000
202501,8226,7755189.510000,0.000000
202501,3544,7745485.870000,22216.000000
202501,1933,7577468.760000,245212.000000
202501,1417,7545856.660000,99524.000000
202501,1101,7418808.460000,122064.000000
202501,3164,7276028.320000,621906.000000
202501,3326,7134054.830000,181569.000000
202501,3134,7007789.070000,227909.000000
202501,1476,6756895.710000,89476.000000
202501,3361,6734550.000000,35445.000000
202501,3154,6646007.430000,373938.000000
202501,1091,6584113.620000,190734.000000
202501,8118,6536986.430000,396.000000
202501,1114,6461426.740000,152233.000000
202501,3577,6373757.440000,1379292.000000
202501,4331,6367462.980000,52227.000000
202501,1041,6331373.950000,192280.000000
202501,2112,6279748.750000,35685.000000
202501,4215,6216052.560000,161870.000000
202501,1046,6210622.390000,193983.000000
202501,3223,6012089.180000,1968921.000000
202501,3160,5934408.960000,538917.000000
202501,3381,5847549.360000,48785.000000
202501,6126,5828260.750000,3021.000000
202501,1102,5691478.390000,101040.000000
202501,1312,5618926.090000,234611.000000
202501,3151,5577293.320000,407186.000000
202501,1903,5417184.390000,1529718.000000
202501,1121,5405537.060000,265306.000000
202501,1090,5263118.580000,117021.000000
202501,8115,5143234.140000,8.000000
202501,9202,5095625.090000,163012.000000
202501,1048,5091530.770000,84689.000000
202501,1472,5059480.750000,92077.000000
202501,6215,5019772.930000,79052.000000
202501,3352,4992458.290000,9879.000000
202501,1107,4928245.210000,95563.000000
202501,1465,4766922.900000,73536.000000
202501,1935,4698735.030000,243778.000000
202501,1116,4684482.840000,1548217.000000
202501,2303,4589800.760000,23896.000000
202501,1420,4566258.520000,69491.000000
202501,3125,4557678.870000,349675.000000
202501,1140,4317215.160000,110157.000000
202501,3331,4308515.120000,560129.000000
202501,2138,4275549.170000,6981.000000
202501,3518,4247084.340000,320231.000000
202501,1410,4220649.280000,68485.000000
202501,2137,4209785.870000,5300.000000
202501,1104,4209168.430000,79239.000000
202501,2347,4198740.000000,24946.000000
202501,3597,4135341.880000,50251.000000
202501,1640,4131090.000000,178.000000
202501,1415,4110872.230000,49586.000000
202501,3384,4100293.160000,13339138.000000
202501,1402,4034266.040000,40318.000000
202501,3586,4015168.830000,15363.000000
202501,3587,4015035.430000,15378.000000
202501,2136,3982090.930000,16369.000000
202501,1419,3666728.040000,26331.000000
202501,2179,3622600.890000,395.000000
202501,4330,3619955.630000,91.000000
202501,1845,3607297.820000,918125.000000
202501,1042,3582685.520000,128171.000000
202501,3153,3548036.630000,289453.000000
202501,6221,3523379.660000,1815.000000
202501,1843,3498857.420000,983813.000000
202501,1408,3387548.040000,45594.000000
202501,4219,3343061.880000,22471.000000
202501,1082,3341085.690000,94988.000000
202501,1066,3303351.000000,3993.000000
202501,3599,3189404.970000,377466.000000
202501,1201,3169129.600000,294015.000000
202501,1083,3119383.140000,75921.000000
202501,2194,3115579.690000,193.000000
202501,1202,3091201.600000,86634.000000
202501,1992,3080745.390000,38893.000000
202501,3542,3061439.640000,15969.000000
202501,3508,3059214.540000,171827.000000
202501,3360,3026956.070000,502263.000000
202501,1079,2998297.130000,78282.000000
202501,3517,2941987.710000,3030.000000
202501,1043,2893506.720000,115394.000000
202501,1322,2887868.380000,10340.000000
202501,2391,2881548.800000,56493.000000
202501,2156,2881519.800000,47541.000000
202501,3322,2823290.660000,585500.000000
202501,2344,2797827.000000,12245.000000
202501,1471,2734593.110000,44659.000000
202501,9421,2725341.760000,90863.000000
202501,4323,2677616.850000,150.000000
202501,2159,2673830.950000,82821.000000
202501,2264,2669855.000000,503.000000
202501,2336,2644360.640000,12631.000000
202501,2339,2628874.390000,11564.000000
202501,2155,2589099.150000,36582.000000
202501,3112,2566471.530000,282036.000000
202501,3324,2557739.810000,21948.000000
202501,3159,2533726.100000,217622.000000
202501,1473,2520257.530000,45266.000000
202501,3353,2491063.930000,15527.000000
202501,6120,2463555.480000,42648.000000
202501,1331,2415691.860000,182136.000000
202501,1071,2366890.830000,33578.000000
202501,8112,2288513.070000,191.000000
202501,3351,2282053.680000,1679.000000
202501,3510,2266763.250000,308288.000000
202501,1191,2244081.780000,92616.000000
202501,3380,2240167.220000,7169517.000000
202501,1409,2215618.910000,39603.000000
202501,3130,2185689.540000,48642.000000
202501,3172,2181196.190000,56029.000000
202501,1994,2177933.310000,12926.000000
202501,1930,2134924.530000,257233.000000
202501,2116,2128013.040000,7036.000000
202501,1627,2114000.000000,133.000000
202501,3415,2110138.970000,351857.000000
202501,6235,2092538.110000,10620.000000
202501,1901,2080420.710000,455925.000000
202501,1168,2079857.970000,43611.000000
202501,2392,2077097.460000,68968.000000
202501,1044,2041034.090000,89548.000000
202501,2294,1955784.400000,85.000000
202501,1939,1944657.000000,700670.000000
202501,8121,1917069.180000,196.000000
202501,2108,1913517.960000,15422.000000
202501,4230,1891040.000000,23639.000000
202501,3156,1858188.410000,173208.000000
202501,1194,1841496.000000,91967.000000
202501,6231,1821654.890000,28560.000000
202501,3383,1691877.870000,1646734.000000
202501,3115,1685797.600000,102695.000000
202501,1416,1680440.560000,265362.000000
202501,4371,1628962.950000,45951.000000
202501,3147,1615262.390000,147106.000000
202501,1070,1572630.490000,23990.000000
202501,1125,1565013.490000,404652.000000
202501,1072,1538013.920000,38385.000000
202501,1067,1537351.110000,79484.000000
202501,9732,1519535.680000,6435.000000
202501,9201,1519411.000000,48721.000000
202501,3126,1454129.320000,102.000000
202501,3543,1445283.660000,4015.000000
202501,3354,1419912.000000,1497.000000
202501,2120,1407609.000000,3.000000
202501,3363,1406195.000000,7402.000000
202501,3356,1404497.390000,4841.000000
202501,1455,1378581.790000,96417.000000
202501,1993,1362521.000000,7850.000000
202501,1154,1346832.530000,60925.000000
202501,1069,1296598.190000,22790.000000
202501,2109,1283088.050000,6564.000000
202501,1084,1243534.370000,25273.000000
202501,1936,1219712.620000,33054.000000
202501,3549,1183366.720000,1836.000000
202501,1108,1175109.940000,43075.000000
202501,9716,1164221.230000,1593.000000
202501,4237,1073475.840000,3626.000000
202501,2133,1044130.560000,41836.000000
202501,1100,1037047.200000,37054.000000
202501,2147,1036227.170000,2479.000000
202501,9423,1012805.760000,18761.000000
202501,3138,1007092.000000,28401.000000
202501,3602,1001819.700000,23420.000000
202501,1404,994821.170000,53012.000000
202501,3332,993182.240000,117030.000000
202501,1098,991722.360000,27426.000000
202501,1177,982094.130000,340.000000
202501,3329,973923.830000,11043.000000
202501,3222,935191.040000,294854.000000
202501,6213,934267.920000,4911.000000
202501,3506,930092.090000,159873.000000
202501,9436,927705.000000,17187.000000
202501,1997,920597.850000,6871.000000
202501,3121,917761.170000,50791.000000
202501,1918,890674.750000,41990.000000
202501,1169,885979.900000,9525.000000
202501,6210,871018.620000,12275.000000
202501,6233,865385.440000,13241.000000
202501,1076,839844.340000,74569.000000
202501,4332,835283.430000,20.000000
202501,2193,825815.610000,20.000000
202501,1209,816708.760000,31265.000000
202501,1981,803771.080000,11192.000000
202501,2280,801898.010000,200.000000
202501,3149,792062.530000,29579.000000
202501,1941,791800.000000,40786.000000
202501,1081,772979.290000,25745.000000
202501,8225,772742.620000,47.000000
202501,1413,769062.650000,18286.000000
202501,1059,767888.350000,21903.000000
202501,6124,756107.370000,13563.000000
202501,3373,755476.770000,1284.000000
202501,1965,744580.650000,203421.000000
202501,4379,744459.820000,35.000000
202501,3405,736270.420000,47.000000
202501,1422,734137.080000,6368.000000
202501,2150,702017.500000,1405.000000
202501,1913,700164.360000,29285.000000
202501,3355,695524.000000,31624.000000
202501,2269,684869.960000,83.000000
202501,1923,668408.700000,22773.000000
202501,1199,661673.000000,66073.000000
202501,3359,654910.380000,84597.000000
202501,1073,652726.880000,61504.000000
202501,9722,649433.370000,3399.000000
202501,1093,645453.600000,21876.000000
202501,4203,633054.730000,22154.000000
202501,1937,632553.900000,13427.000000
202501,4396,620717.730000,76.000000
202501,1105,617698.330000,16388.000000
202501,2168,616430.180000,2420.000000
202501,1132,615988.030000,26226.000000
202501,3319,611217.790000,53.000000
202501,1846,607647.060000,159978.000000
202501,6114,606799.200000,17930.000000
202501,1944,591440.290000,50603.000000
202501,1211,587905.420000,26379.000000
202501,6236,577789.810000,9071.000000
202501,2331,567659.800000,445.000000
202501,2343,567627.000000,3788.000000
202501,3131,566035.560000,52668.000000
202501,1159,558594.260000,28291.000000
202501,1946,549978.690000,12149.000000
202501,2346,538910.000000,4693.000000
202501,9721,530423.160000,734.000000
202501,1099,529595.590000,10216.000000
202501,2309,521463.500000,46896.000000
202501,4328,520081.220000,36.000000
202501,3170,518398.920000,13316.000000
202501,1906,515449.470000,60043.000000
202501,9911,507196.600000,3369.000000
202501,1127,507093.580000,118525.000000
202501,9422,499607.960000,11906.000000
202501,1938,496983.860000,19919.000000
202501,1982,487075.360000,4704.000000
202501,3535,478645.770000,20416.000000
202501,1092,461530.950000,14615.000000
202501,1179,459841.000000,222.000000
202501,1218,453014.500000,7588.000000
202501,1074,446379.210000,17755.000000
202501,3416,445021.480000,43558.000000
202501,1934,437084.510000,11662.000000
202501,6123,436569.430000,5968.000000
202501,3408,434539.300000,152573.000000
202501,1061,422746.170000,47058.000000
202501,9434,422309.860000,114363.000000
202501,3101,412252.070000,-12.000000
202501,1907,410242.460000,41.000000
202501,1475,401599.890000,65144.000000
202501,3167,401041.720000,1708.000000
202501,1847,399761.040000,122627.000000
202501,1849,388498.800000,107516.000000
202501,1106,387391.830000,27198.000000
202501,6113,384532.820000,13695.000000
202501,3601,373240.000000,7466.000000
202501,2428,370330.050000,10404.000000
202501,1407,369344.300000,59627.000000
202501,3145,365209.140000,21393.000000
202501,9763,356950.490000,493.000000
202501,3109,351382.420000,142137.000000
202501,2414,341679.310000,12980.000000
202501,1361,340955.530000,683.000000
202501,3595,336232.140000,143079.000000
202501,3142,335528.960000,12024.000000
202501,3168,327693.010000,7621.000000
202501,3516,323190.160000,49324.000000
202501,1405,320328.400000,22804.000000
202501,6131,313766.050000,8448.000000
202501,3572,313451.200000,6875.000000
202501,1077,307256.810000,21197.000000
202501,9764,297937.670000,566.000000
202501,4141,293117.940000,722.000000
202501,1134,286088.670000,16459.000000
202501,1226,277973.840000,7938.000000
202501,4380,273942.600000,13.000000
202501,2117,271988.350000,608.000000
202501,3221,266074.820000,66087.000000
202501,1920,266066.000000,26.000000
202501,1075,263407.170000,13824.000000
202501,4326,262022.500000,51.000000
202501,1995,256934.000000,653.000000
202501,2302,256532.660000,2164.000000
202501,3389,251033.480000,184509.000000
202501,2252,250270.000000,260554.000000
202501,1080,240881.960000,19089.000000
202501,9752,239681.660000,603.000000
202501,2342,238248.000000,3013.000000
202501,9761,237567.280000,598.000000
202501,2345,236370.000000,3955.000000
202501,1178,232078.000000,72.000000
202501,3505,231075.280000,42153.000000
202501,2134,226904.520000,901.000000
202501,4515,221948.400000,96.000000
202501,1400,216440.620000,1234.000000
202501,1522,212852.700000,1421.000000
202501,9731,212544.930000,1737.000000
202501,8120,211404.710000,0.000000
202501,4144,210764.720000,539.000000
202501,1437,204619.380000,10938.000000
202501,3225,202222.490000,62633.000000
202501,9762,201776.730000,1794.000000
202501,4512,198455.040000,34.000000
202501,3509,198187.910000,14908.000000
202501,6127,196983.370000,1019.000000
202501,1434,195217.380000,6508.000000
202501,1203,194376.190000,6479.000000
202501,2248,193504.000000,32.000000
202501,3171,191768.860000,1369.000000
202501,6191,188366.850000,13540.000000
202501,3575,181758.040000,14298.000000
202501,2286,181568.990000,9259.000000
202501,4316,180395.590000,451.000000
202501,3308,178421.190000,178873.000000
202501,9778,178344.800000,158.000000
202501,1844,176490.820000,48167.000000
202501,3362,173280.000000,912.000000
202501,1058,173197.300000,5015.000000
202501,1467,172299.890000,4787.000000
202501,9773,170578.750000,1043.000000
202501,3158,168414.630000,9764.000000
202501,3110,168000.000000,16.000000
202501,4321,166413.560000,86.000000
202501,1940,165408.500000,6617.000000
202501,1153,164522.400000,7365.000000
202501,1460,164058.000000,5050.000000
202501,1117,163088.280000,4041.000000
202501,9719,159009.070000,347.000000
202501,3139,159000.000000,18.000000
202501,3596,157254.190000,22255.000000
202501,9111,154324.360000,364.000000
202501,9769,154168.100000,175.000000
202501,9221,152224.190000,7033.000000
202501,4111,150447.720000,2325.000000
202501,3382,150336.840000,103.000000
202501,8114,150252.370000,2.000000
202501,3213,149852.160000,2173.000000
202501,2198,149351.830000,203.000000
202501,3423,145336.000000,4844.000000
202501,1039,144944.070000,6087.000000
202501,3113,144070.240000,39695.000000
202501,6209,142707.190000,2156.000000
202501,3565,141394.520000,22494.000000
202501,3102,138155.000000,260.000000
202501,9743,138057.850000,89.000000
202501,9203,137993.000000,4280.000000
202501,1182,136115.800000,10.000000
202501,2426,132591.540000,5040.000000
202501,1040,129352.130000,4760.000000
202501,2195,128699.140000,640.000000
202501,1047,127820.360000,1798.000000
202501,1228,126850.050000,6046.000000
202501,3310,126562.110000,3199.000000
202501,2418,122299.070000,4051.000000
202501,2157,122200.870000,3260.000000
202501,4142,121183.540000,363.000000
202501,1523,121050.000000,1628.000000
202501,3612,118963.550000,415.000000
202501,8116,118774.980000,7.000000
202501,2300,117431.130000,657.000000
202501,2421,116928.360000,155.000000
202501,4143,115773.820000,577.000000
202501,1173,114745.070000,27.000000
202501,3144,111593.090000,553.000000
202501,2258,110146.840000,1233.000000
202501,2107,108106.750000,557.000000
202501,9912,107425.800000,306.000000
202501,9772,104497.900000,648.000000
202501,4236,103627.330000,10.000000
202501,4131,101201.110000,749.000000
202501,1215,100724.970000,2092.000000
202501,4224,97852.510000,37.000000
202501,9715,95791.680000,252.000000
202501,2354,93700.000000,134.000000
202501,1068,93425.180000,3741.000000
202501,1999,90425.000000,893.000000
202501,2249,89053.340000,2.000000
202501,3348,88988.310000,2654.000000
202501,4132,87318.950000,616.000000
202501,3507,86184.090000,3320.000000
202501,1049,86154.290000,6861.000000
202501,1943,85991.400000,20529.000000
202501,2338,85987.220000,4972.000000
202501,1942,85952.460000,3699.000000
202501,1521,83925.560000,367.000000
202501,1212,79267.460000,2826.000000
202501,1477,78733.440000,4580.000000
202501,3136,76220.400000,18714.000000
202501,2337,75635.760000,392.000000
202501,1142,74855.800000,3054.000000
202501,2143,73768.900000,158.000000
202501,2144,72965.440000,177.000000
202501,1078,71706.910000,1506.000000
202501,1904,70391.880000,22649.000000
202501,9133,70382.810000,593.000000
202501,2167,70039.440000,594.000000
202501,3169,69632.860000,497.000000
202501,2419,69512.710000,320.000000
202501,1841,68909.120000,17462.000000
202501,3531,67266.930000,11855.000000
202501,3421,66636.760000,645.000000
202501,3343,66018.290000,2036.000000
202501,1318,64061.130000,3004.000000
202501,4327,59300.000000,12.000000
202501,9744,59124.400000,293.000000
202501,4329,58606.830000,5.000000
202501,9741,57485.090000,47.000000
202501,1928,57055.600000,52.000000
202501,9767,56836.800000,134.000000
202501,3140,56813.870000,9805.000000
202501,4353,56418.190000,4626.000000
202501,1094,53580.800000,2329.000000
202501,1948,53250.000000,239.000000
202501,2422,52550.890000,155.000000
202501,9717,51856.850000,54.000000
202501,1439,51774.000000,959.000000
202501,1414,50982.840000,933.000000
202501,8117,48514.240000,0.000000
202501,4413,48458.700000,13.000000
202501,3570,48409.660000,9271.000000
202501,9768,47926.180000,40.000000
202501,3590,47845.750000,5398.000000
202501,9775,47281.730000,256.000000
202501,1051,46949.220000,1707.000000
202501,1998,46881.250000,879.000000
202501,4154,46777.330000,541.000000
202501,3387,46346.850000,16744.000000
202501,1905,45175.050000,9936.000000
202501,9132,44947.390000,690.000000
202501,4239,44234.620000,206.000000
202501,6257,42845.860000,1207.000000
202501,6258,42724.370000,1021.000000
202501,9735,42232.390000,13.000000
202501,1821,42209.680000,11115.000000
202501,6241,42179.690000,665.000000
202501,2100,41844.720000,415.000000
202501,1174,41546.000000,634.000000
202501,4218,41422.950000,586.000000
202501,1055,41360.000000,376.000000
202501,6014,41094.040000,2200.000000
202501,6110,40729.260000,3130.000000
202501,3305,39523.630000,32.000000
202501,3216,39398.400000,2284.000000
202501,9134,39260.130000,23.000000
202501,3403,38421.050000,5221.000000
202501,3137,36570.000000,395.000000
202501,3369,34593.980000,346134.000000
202501,3598,33954.270000,1486.000000
202501,3591,33835.950000,25.000000
202501,1183,33664.990000,4.000000
202501,3411,33525.230000,226.000000
202501,3129,33479.000000,9103.000000
202501,3325,33044.690000,11005.000000
202501,1945,32673.150000,2735.000000
202501,2304,32476.350000,158.000000
202501,4145,32271.220000,80.000000
202501,1983,31108.540000,302.000000
202501,1929,30838.320000,1231.000000
202501,9771,30574.410000,34.000000
202501,4317,30371.040000,119.000000
202501,1462,30063.290000,924.000000
202501,1641,30000.000000,6.000000
202501,1947,29920.000000,374.000000
202501,3584,29455.060000,27447.000000
202501,6125,29278.400000,464.000000
202501,2184,28438.000000,3.000000
202501,3404,28314.570000,6569.000000
202501,1216,28298.700000,483.000000
202501,9999,27982.770000,59.000000
202501,2146,27967.630000,120.000000
202501,3574,27792.300000,36.000000
202501,3104,27680.390000,3260.000000
202501,3563,27603.270000,854938.000000
202501,1185,27500.000000,4.000000
202501,2265,27254.000000,1.000000
202501,1213,27115.500000,582.000000
202501,2415,26974.790000,426.000000
202501,1990,26710.000000,95.000000
202501,3128,26370.000000,1948.000000
202501,1617,26355.240000,19.000000
202501,2420,25609.720000,252.000000
202501,3127,25340.000000,262.000000
202501,3124,24910.000000,795.000000
202501,3166,24787.500000,826.000000
202501,4241,24248.550000,188.000000
202501,1054,23840.000000,298.000000
202501,9521,23160.910000,277.000000
202501,2215,23137.700000,3.000000
202501,2287,23089.460000,30847.000000
202501,1435,22884.000000,545.000000
202501,4112,22200.010000,678.000000
202501,1964,22172.250000,5996.000000
202501,2145,21694.140000,73.000000
202501,2158,21206.190000,1140.000000
202501,6239,20798.940000,4.000000
202501,3358,20431.020000,482.000000
202501,4152,20151.640000,108.000000
202501,2238,20065.910000,16471.000000
202501,1064,19612.330000,7.000000
202501,4372,18859.400000,532.000000
202501,6214,18738.400000,295.000000
202501,1086,18517.920000,617.000000
202501,3426,18177.960000,4610.000000
202501,8222,17632.140000,0.000000
202501,1813,17456.140000,4955.000000
202501,1646,17016.400000,5.000000
202501,3368,16808.790000,309.000000
202501,1436,16679.000000,309.000000
202501,2411,16618.980000,180.000000
202501,3349,15753.930000,721.000000
202501,3503,15542.340000,506101.000000
202501,1962,15144.280000,31.000000
202501,1131,15038.200000,787.000000
202501,9112,15029.430000,130.000000
202501,3367,14996.000000,912.000000
202501,3105,14721.630000,1259.000000
202501,3519,14481.850000,441782.000000
202501,4151,13520.000000,194.000000
202501,2412,13197.780000,171.000000
202501,4210,13104.830000,120.000000
202501,3520,13056.010000,393805.000000
202501,2119,13010.290000,1.000000
202501,1050,12934.900000,256.000000
202501,8227,12828.650000,0.000000
202501,2237,12634.250000,250497.000000
202501,4221,12487.520000,84.000000
202501,1146,12236.290000,9.000000
202501,2250,12021.170000,1281816.000000
202501,1949,11760.000000,392.000000
202501,3337,11704.900000,179.000000
202501,9742,11639.290000,24.000000
202501,4416,11048.160000,0.000000
202501,6251,11032.610000,265.000000
202501,9766,10818.490000,72.000000
202501,1996,10790.000000,111.000000
202501,1961,10277.510000,162.000000
202501,1060,10184.140000,2568.000000
202501,4153,9990.350000,287.000000
202501,3610,9956.270000,161.000000
202501,9765,9951.360000,82.000000
202501,1227,9881.620000,288.000000
202501,9774,9847.010000,61.000000
202501,9751,9738.070000,78.000000
202501,3502,9533.110000,309862.000000
202501,1425,9207.780000,84.000000
202501,3103,8768.500000,852.000000
202501,3417,8365.500000,21.000000
202501,2288,8296.340000,236.000000
202501,9777,8137.840000,59.000000
202501,2321,7642.740000,93.000000
202501,2106,7250.580000,69.000000
202501,2289,7187.210000,175.000000
202501,9902,6875.320000,10.000000
202501,3504,6474.460000,207619.000000
202501,1085,6448.000000,254.000000
202501,3342,6122.950000,334.000000
202501,1963,6036.000000,628.000000
202501,1062,5986.400000,38.000000
202501,3143,5957.840000,342.000000
202501,1196,5899.000000,187.000000
202501,9211,5669.050000,92.000000
202501,4220,5635.620000,58.000000
202501,3350,5617.000000,209.000000
202501,1187,5600.000000,1.000000
202501,1406,5391.370000,161.000000
202501,1456,5337.050000,319.000000
202501,1135,5091.300000,273.000000
202501,4211,5012.500000,12.000000
202501,2416,5003.490000,412.000000
202501,1056,4871.320000,195.000000
202501,4325,4864.660000,9.000000
202501,1474,4813.850000,29.000000
202501,6232,4580.440000,72.000000
202501,1145,4515.000000,1.000000
202501,3564,4499.250000,148629.000000
202501,3123,4489.500000,400.000000
202501,9720,4486.830000,2.000000
202501,3559,4432.060000,137281.000000
202501,3611,4427.550000,25.000000
202501,4417,4342.740000,5.000000
202501,2293,4166.670000,1.000000
202501,9511,4158.000000,14.000000
202501,9129,4126.760000,12.000000
202501,1403,3967.290000,224.000000
202501,6242,3927.080000,123.000000
202501,6222,3864.000000,2.000000
202501,9776,3822.930000,19.000000
202501,3339,3500.240000,57.000000
202501,2423,2956.960000,8.000000
202501,8224,2872.110000,0.000000
202501,2290,2860.210000,2400.000000
202501,2163,2853.210000,58.000000
202501,1452,2788.560000,26.000000
202501,9737,2740.000000,13.000000
202501,9204,2663.040000,83.000000
202501,1175,2535.430000,86.000000
202501,1642,2500.000000,2.000000
202501,2424,2490.180000,3.000000
202501,4156,2450.000000,6.000000
202501,1910,2420.000000,25.000000
202501,2104,2415.470000,14.000000
202501,1618,2368.000000,1.000000
202501,1122,2291.000000,29.000000
202501,3550,2169.530000,216947.000000
202501,1150,2124.500000,2.000000
202501,9208,2100.000000,7.000000
202501,9210,1932.000000,14.000000
202501,6128,1932.000000,1.000000
202501,4113,1894.970000,583.000000
202501,9435,1771.000000,77.000000
202501,3594,1723.300000,11.000000
202501,3370,1700.000000,90.000000
202501,6211,1686.140000,52.000000
202501,3413,1679.200000,9.000000
202501,4310,1656.000000,16.000000
202501,6132,1614.800000,22.000000
202501,1087,1595.000000,4.000000
202501,3304,1498.840000,3.000000
202501,2230,1494.300000,43863.000000
202501,3135,1479.800000,39.000000
202501,9118,1456.000000,1.000000
202501,3541,1412.600000,2.000000
202501,1170,1410.940000,38.000000
202501,4322,1404.800000,1.000000
202501,9123,1374.200000,8.000000
202501,2222,1372.350000,192.000000
202501,3558,1363.170000,46.000000
202501,2298,1315.950000,7046.000000
202501,1118,1292.780000,30.000000
202501,4217,1281.880000,20.000000
202501,4318,1272.000000,5.000000
202501,9429,1266.000000,41.000000
202501,2164,1204.640000,104.000000
202501,3315,1094.430000,-1.000000
202501,9116,1050.000000,1.000000
202501,9131,1005.130000,1.000000
202501,1193,992.000000,85.000000
202501,9209,966.000000,7.000000
202501,4229,957.920000,14.000000
202501,2212,922.530000,153.000000
202501,3376,901.000000,44.000000
202501,1038,896.610000,33.000000
202501,6252,860.270000,22.000000
202501,3501,832.200000,27120.000000
202501,1468,799.800000,27.000000
202501,2234,702.660000,14.000000
202501,1180,700.000000,1.000000
202501,2413,691.200000,10.000000
202501,2231,682.530000,215.000000
202501,3523,654.840000,30.000000
202501,3340,474.840000,9.000000
202501,3530,459.080000,43.000000
202501,3338,438.400000,8.000000
202501,3500,435.550000,14306.000000
202501,1045,432.500000,15.000000
202501,3585,407.220000,413.000000
202501,3593,400.000000,4.000000
202501,1912,398.670000,1.000000
202501,1123,339.000000,10.000000
202501,4206,332.480000,2.000000
202501,1457,322.000000,22.000000
202501,4333,276.000000,2.000000
202501,9212,276.000000,1.000000
202501,2240,263.530000,593.000000
202501,3414,250.250000,5.000000
202501,1426,222.000000,4.000000
202501,9114,200.000000,1.000000
202501,2221,199.990000,19.000000
202501,3568,196.180000,6253.000000
202501,3580,185.440000,5968.000000
202501,1167,175.450000,41.000000
202501,9207,158.670000,3.000000
202501,3173,155.100000,5.000000
202501,9119,150.000000,1.000000
202501,3527,147.390000,17.000000
202501,3562,140.790000,4589.000000
202501,3566,138.260000,4416.000000
202501,1438,138.000000,6.000000
202501,9514,120.000000,3.000000
202501,2284,120.000000,7147.000000
202501,1222,113.120000,3.000000
202501,2105,106.000000,1.000000
202501,3592,97.440000,3.000000
202501,3567,96.330000,3021.000000
202501,1148,86.000000,4.000000
202501,1057,76.500000,3.000000
202501,3560,70.040000,2263.000000
202501,3309,65.590000,6559.000000
202501,1909,57.200000,2.000000
202501,3327,50.480000,4.000000
202501,1459,50.320000,29.000000
202501,3328,41.190000,10.000000
202501,1924,40.000000,1.000000
202501,4501,39.750000,1.000000
202501,3583,32.450000,16.000000
202501,3569,32.330000,1014.000000
202501,9205,32.030000,1.000000
202501,1960,32.000000,1.000000
202501,1188,27.540000,1.000000
202501,3536,26.400000,16.000000
202501,3539,26.350000,5.000000
202501,1955,24.000000,56.000000
202501,1705,23.000000,1.000000
202501,3537,20.180000,8.000000
202501,3335,18.220000,2.000000
202501,3538,17.780000,4.000000
202501,3388,13.520000,10.000000
202501,3402,10.090000,1009.000000
202501,4235,9.000000,1.000000
202501,3581,7.460000,1.000000
202501,3533,4.860000,2.000000
202501,3532,2.320000,1.000000
202501,3410,2.290000,231.000000
202501,3425,0.010000,1.000000
202501,2299,0.000000,1071.000000
202501,5403,0.000000,0.000000
202501,5129,0.000000,0.000000
202501,2297,0.000000,85839.000000
202501,9152,0.000000,0.000000
202501,5125,0.000000,0.000000
202501,5205,0.000000,-1.000000
202501,5121,0.000000,0.000000
202501,5130,0.000000,0.000000
202501,5202,0.000000,8552.000000
202501,2141,0.000000,16282.000000
202501,5122,0.000000,0.000000
202501,5126,0.000000,0.000000
202501,2283,0.000000,21198.000000
202501,9432,0.000000,0.000000
202501,1954,0.000000,228.000000
202501,5206,0.000000,292.000000
202501,5124,0.000000,0.000000
202501,2253,0.000000,107865.000000
202501,9191,0.000000,0.000000
202501,2281,0.000000,346625.000000
202501,5402,0.000000,0.000000
202501,5123,0.000000,0.000000
202501,1921,0.000000,3.000000
202501,1977,-4.000000,4.000000
202501,2217,-19.610000,-1.000000
202501,5204,-270.500000,41577.000000
202501,5203,-965.270000,212818.000000
202501,3118,-2817.500000,-14.000000
202501,1172,-3240.000000,-55.000000
202501,5201,-3310.530000,43021.000000
202501,6116,-16153.850000,-406.000000
202501,1973,-19864.100000,5102.000000
202501,1161,-36698.170000,2.000000
202501,3316,-57225.720000,-37.000000
202501,1971,-544262.010000,577227.000000
202501,2176,-1385156.750000,-1.000000
202501,1975,-2792595.660000,2808593.000000
202501,1956,-3885288.000000,2.000000
202501,1957,-4377892.520000,467766.000000
202501,2285,-9053046.000000,252.000000
202501,1974,-12859152.570000,3278875.000000
202501,1951,-28550310.000000,14309023.000000
202501,1976,-58281837.290000,59032833.000000
202501,1952,-100232402.160000,50222810.000000
202501,1972,-157060313.700000,164433479.000000
