mois_traitement,code_prestation,remboursement_part_legale_eur,libelle_prestation
202501,3313,1514760560.400000,PHARMACIE 65%
202501,2111,728271584.310000,FRAIS D HEBERGEMENT ET ENVIRONNEMENT EN GHS
202501,7111,696380511.720000,PENSION INVALIDITE AVANTAGES DE BASE
202501,3311,674070023.370000,PHARMACIE 100%
202501,6111,592742929.820000,IJ NORMALES -3 MOIS
202501,1110,482813052.510000,CONSULTATION MEDECINE GENERALE
202501,1352,430125393.640000,ACTES TECHNIQUES MEDICAUX  (hors IMAGERIE) CCAM
202501,6112,417343103.940000,IJ NORMALES +3MOIS
202501,6115,399330145.250000,IJ MAJOREES -3MOIS
202501,3111,327488672.300000,ACTES EN AMI
202501,3211,325521237.950000,ACTES DE BIOLOGIE
202501,8111,302182214.530000,RENTES DE VICTIME
202501,4214,249558324.730000,TAXIS
202501,1351,223380601.580000,ACTE D'IMAGERIE (hors ECHOGRAPHIE) CCAM
202501,2351,214805813.480000,FORFAIT TECHNIQUE NORMAL IRMN -SCANNERS
202501,3514,213473969.010000,MATERIELS ET APPAREILS POUR TRAITEMENTS DIVERS (CHAP. 3)
202501,1324,181373083.230000,ACTE D'ECHOGRAPHIE CCAM
202501,6122,172852764.120000,IJ POSTNATALES
202501,3512,171218258.400000,AUTRES MATERIELS POUR TRAITEMENTS A DOMICILE (CHAP. 1)
202501,3317,168518139.430000,PHARMACIE HOSPITALIERE A 100%
202501,3511,160126175.460000,"APPAREILS D  ASSISTANCE RESPIRATOIRE,OXYGENOTHERAPIE A DOMICILE"
202501,1321,156336983.070000,ACTE DE CHIRURGIE CCAM
202501,1103,148872040.080000,AVIS PONCTUEL DE CONSULTANT
202501,4212,145764087.860000,AMBULANCES AGREEES
202501,3386,128160231.980000,HONO DISP 7
202501,3107,123321401.830000,SOINS INFIRMIERS EXTERNALISES (PEC INTERMEDIAIRE)
202501,3320,119724617.050000,PHARMACIE HOSPITALIERE EN SUS DU GHS
202501,2192,118301848.190000,DOTATION POPULATIONNELLE SSR
202501,3106,115831521.530000,SOINS INFIRMIERS EXTERNALISES (PEC LOURDE)
202501,3312,114366321.640000,PHARMACIE PH4
202501,8113,107904783.730000,RENTES DE CONJOINT SURVIVANT
202501,3161,106364870.550000,MK-REEDUC AFFECTIONS SUR 2 TERRITOIRES
202501,2211,104546185.660000,FRAIS DE SEJOUR
202501,2110,97478016.310000,FRAIS SEJOUR SSR
202501,1842,90702961.580000,INDEMNITES FORFAITAIRES DE DEPLACEMENT DES AUXILIAIRES MEDICAUX ET ASSIMILES
202501,2113,90313208.130000,GROUPE HOMOGENE DE TARIFS
202501,6121,89811142.710000,IJ PRENATALES
202501,1112,84850272.920000,CONSULTATION COTEE CS
202501,1848,81715951.570000,INDEMNITES FORFAITAIRES DEPLACEMENT INFIRMIERS
202501,3551,79397340.370000,"IMPLANT INTERNE (CHAP. 1, 2 ET 3)"
202501,1451,78465457.380000,SOINS DENTAIRES
202501,4213,77887044.040000,VEHICULES SANITAIRES LEGERS (VSL)
202501,3108,76875154.910000,SOINS INFIRMIERS EXTERNALISES (PEC LEGERE)
202501,2200,71246977.760000,DOTATION FILE ACTIVE PSY
202501,1323,69556719.850000,ACTE D'ANESTHESIE CCAM
202501,3366,68184176.190000,HONORAIRE DE DISPENSATION MEDICAMENTS SPECIFIQUES
202501,3132,62713627.680000,ACTES DES ORTHOPHONISTES
202501,3515,60178794.700000,ARTICLES DE PANSEMENTS (CHAP. 4)
202501,2160,58442789.000000,MISSION D'INTERET GENERAL SSR
202501,6117,58377764.100000,"IJ PARTIELLE,  PERTE DE SALAIRE -3MOIS"
202501,2161,56621777.570000,FORFAIT MISSION D INTERET GENERAL D AIDE A LA CONTRACTUALISATION
202501,6212,53670645.180000,IJ CONGE MATERNITE AU PERE
202501,3148,52326954.980000,MK-REEDUC AFF NEURO MUSC OU RHUM INFLAM
202501,1424,52188934.040000,TRAITEMENTS D  ORTHODONTIE PRATIQUES PAR LE CHIRURGIEN-DENTISTE (ET ETO POUR LA CRPCEN)
202501,1453,51587452.940000,PROPHYLAXIE BUCCO DENTAIRE CCAM
202501,2132,44618758.800000,FORFAIT D HEMODIALYSE EN UNITE DE DIALYSE MEDICALISEE
202501,6118,43111763.810000,"IJ PARTIELLE,  PERTE DE SALAIRE +3MOIS"
202501,3157,41444626.730000,MK-REEDUC DEAMBULATION SUJET AGEE
202501,3152,41084025.620000,MK-REEDUC RACHIS NON OPERE
202501,1113,40992176.290000,CONSULTATION COTEE CNP
202501,3120,40546384.660000,SOINS INFIRMIERS EXTERNALISES
202501,2352,40364849.140000,FORFAIT TECHNIQUE REDUIT IRMN -SCANNERS
202501,3521,32222094.230000,ORTHESES (PETIT APPAREILLAGE) (CHAP. 1)
202501,4232,30273190.320000,INTERVENTION DURANT GARDE
202501,1111,29451765.460000,CONSULTATION COTEE C
202501,1325,28952964.500000,ACTE DE CHIRURGIE CD CCAM
202501,3545,28846435.780000,ORTHOPROTHESES (CHAP 7.)
202501,2251,28018473.880000,FORFAIT JOURNALIER
202501,1353,27206997.960000,ACTE D'IMAGERIE CD CCAM
202501,7112,26194364.530000,PENSION INVALIDITE ALLOCATIONS SUPPLEMENTAIRES
202501,2135,24718377.880000,FORFAIT D AUTODIALYSE ASSISTEE
202501,3122,24140523.830000,ACTES EN AMK
202501,1911,24106721.450000,ACTES DES SAGES-FEMMES
202501,1210,24077356.250000,VISITE MEDECINE GENERALE
202501,3364,24067760.330000,HONORAIRE MEDICAMENT REMBOURSABLE
202501,3365,23861153.970000,HONORAIRE DISPENSATION EN LIEN AVEC AGE
202501,3116,23405140.570000,MAJORATION POUR ACTE UNIQUE
202501,3133,23109949.140000,ACTES DES ORTHOPTISTES
202501,3522,23087122.440000,DIVERS ORTHESES
202501,2213,22389872.140000,FRAIS DE SEJOUR IME
202501,3163,22040723.290000,MK-REEDUC MBRE INF NON OPERE SANS REF
202501,1192,21141535.330000,TELECONSULTATION GENERALISTE
202501,1470,20135615.830000,ENDODONTIE
202501,3146,18489461.430000,MK-REEDUC AFF RESPIRATOIRES MAX FACIAL ET ORL
202501,1927,18257628.610000,REMUNERATION CPTS
202501,1454,18125807.450000,CONSULTATION CD
202501,1088,17529987.350000,AIDE ASSISTANT MEDICAL
202501,3117,17513164.210000,MAJORATION DE COORDINATION ET D'ENVIRONNEMENT DE SOIN INFIRMIER
202501,3390,17326505.040000,HONO DISP GC 7
202501,3165,16228572.640000,MK-REEDUC MBRE SUP NON OPERE SANS REF
202501,2239,16174537.000000,FORFAIT ANNUEL D URGENCE
202501,1126,16095905.170000,MAJORATION DE COORDINATION SPECIALISTES
202501,3341,16052518.930000,PHARMACIE 15%
202501,2152,15644418.840000,SUPPLEMENT SURVEILLANCE CONTINUE
202501,3336,15452340.940000,PHARMACIE SOUS ATU SEJOUR
202501,1214,15444644.700000,VISITE LONGUE ET COMPLEXE
202501,1812,15184917.290000,IK MONTAGNE
202501,7113,15144541.050000,PENSION INVALIDITE MAJORATIONS POUR ASSISTANCE D  UNE TIERCE PERSONNE
202501,4511,15088594.810000,CAPITAL DECES
202501,2169,14670073.510000,DOTATION POPULATIONNELLE PSY
202501,1811,14449272.480000,IK PLAINE
202501,3561,13317274.980000,VEHICULES POUR HANDICAPES PHYSIQUES
202501,3318,12429742.210000,PHARMACIE HOSPITALIERE A 65%
202501,1401,12340264.410000,PROTHESE FIXE RAC 0
202501,4231,12047730.700000,COMPLEMENT MINIMUM GARANTI
202501,2151,11940446.150000,SUPPLEMENT REANIMATION
202501,3588,11788056.050000,PROTHESE AUDITIVE PANIER 2 - AVEC RESTE A CHARGE - OREILLE GAUCHE
202501,3385,11753513.060000,HONO DISP 4
202501,3589,11697227.170000,PROTHESE AUDITIVE PANIER 2 - AVEC RESTE A CHARGE - OREILLE DROITE
202501,3552,11658782.150000,IMPLANT MU PAR ELECTRICITE (CHAP. 4)
202501,2148,11337949.370000,SUPPLEMENT  JOURNALIER ZONE HAUTE
202501,2153,11310006.650000,FORFAIT SOINS INTENSIFS
202501,3513,11186501.730000,MATERIELS ET APPAREILS DE CONTENTION ET DE MAINTIEN (CHAP. 2)
202501,1412,10526393.550000,PROTHESE AMOVIBLE RAC MODERE
202501,1224,10155142.770000,MD (CRITERES MEDICAUX)
202501,2263,9568895.470000,FORFAIT IFAQ
202501,1418,9539704.890000,INLAY CORE RAC 0
202501,1354,9276497.140000,ACTE TECHNIQUE MEDICAL CD CCAM
202501,8119,9235426.380000,MAJORATION FAUTE INEXCUSABLE RENTE CONJOINT
202501,1991,9049125.780000,REMUNERATION REGULATION
202501,1195,8967254.730000,FOND INNOVATION - PAIEMENT
202501,3155,8305821.350000,MK-REEDUC MBRE INF OPERE SOUS REF
202501,3330,8132995.350000,ECART INDEMNISABLE RETROCESSION
202501,3162,8028846.260000,MK-REEDUC MBRE INF OPERE SANS REF
202501,1109,7866652.330000,CONSULTATION SPECIALISTE MEDECINE GENERALE
202501,4233,7825123.450000,INTERVENTION HORS GARDE
202501,8226,7755189.510000,INDEMNITE EN CAPITAL ACCIDENT DU TRAVAIL
202501,3544,7745485.870000,CHAUSSURES ORTHOPEDIQUES (CHAP. 6)
202501,1933,7577468.760000,MAJORATION CONSULTATION REGULEE  DE NUIT
202501,1417,7545856.660000,COURONNE ZIRCONE RAC 0
202501,1101,7418808.460000,AVIS PONCTUEL DE CONSULTANT PUPH
202501,3164,7276028.320000,MK-REEDUC MBRE SUP OPERE SANS REF
202501,3326,7134054.830000,PREPARATION MAGISTRALE REMBOURSABLE
202501,3134,7007789.070000,ACTE DE PEDICURE-PODOLOGUE (DIABETIQUE)
202501,1476,6756895.710000,"PROTHESE FIXE CERAMIQUE, A partir du 01/04/2019 (en date de soins) PROTHESE FIXE CERAMIQUE TARIF LIBRE"
202501,3361,6734550.000000,GARDE PHARMACIE NUIT
202501,3154,6646007.430000,MK-REEDUC AFFECTIONS VASCULAIRES
202501,1091,6584113.620000,EXAMEN OBLIGATOIRE ENFANT COD
202501,8118,6536986.430000,MAJORATION FAUTE INEXCUSABLE RENTE VICTIME
202501,1114,6461426.740000,CONSULTATION SPECIFIQUE CARDIOLOGIE
202501,3577,6373757.440000,DELIVRANCE TAG PHIE
202501,4331,6367462.980000,"REMBOURSEMENTS DE SOINS A L  ETRANGER (ET1 A ET6 ET ET8 A ET9, ETB ETA, ETH, ETT, ETP, ETX )"
202501,1041,6331373.950000,CONSULT. PSYCHIATRE NEUROLOGUE
202501,2112,6279748.750000,FRAIS DE SEJOUR SUPPLEMENTAIRE AU GHS
202501,4215,6216052.560000,VEHICULES PERSONNELS
202501,1046,6210622.390000,TELECONSULTATION SPECIALISTE
202501,3223,6012089.180000,PRELEVEMENT
202501,3160,5934408.960000,MK-REEDUC MBRE SUP NON OPERE SOUS REF
202501,3381,5847549.360000,PREPARATION PHARMACEUTIQUE INDIVIDUALISEE (ALLERGENES)
202501,6126,5828260.750000,FORFAIT GROSSESSE TAUX PLEIN TI
202501,1102,5691478.390000,AVIS PONCTUEL DE CONSULTANT PSYCHIATRE
202501,1312,5618926.090000,ACTES DE SPECIALITE EN K
202501,3151,5577293.320000,MK-REEDUC ABDO ET PERINEOSPHINCTERIENNE
202501,1903,5417184.390000,MAJORATION ENFANT GENERALISTE
202501,1121,5405537.060000,HONORAIRE DE SURVEILLANCE
202501,1090,5263118.580000,EXAMEN OBLIGATOIRE ENFANT COH
202501,8115,5143234.140000,RENTES D  ORPHELIN
202501,9202,5095625.090000,SEANCE DE SUIVI
202501,1048,5091530.770000,CONSULTATION INIT MT ALD
202501,1472,5059480.750000,PARODONTOLOGIE
202501,6215,5019772.930000,IJ CONGE POSTNATAL PAMC
202501,3352,4992458.290000,PREPARATION MAGISTRALE HOSPITALIRE
202501,1107,4928245.210000,CONSULTATION TRES COMPLEXE ENFANT
202501,1465,4766922.900000,IMPLANTOLOGIE - CCAM
202501,1935,4698735.030000,"MAJORATION CONSULTATION REGULEE DIMANCHE, JOURS FERIES ET ASSIMILES"
202501,1116,4684482.840000,MAJORATION FORFAITAIRE TRANSITOIRE
202501,2303,4589800.760000,SUPPLEMENT TRANSPORT PROVISOIRE SSR
202501,1420,4566258.520000,PROTHESE AMOVIBLE DE TRANSITION RAC 0
202501,3125,4557678.870000,ACTES DE KINESITHERAPIE OSTEO-ARTICULAIRE
202501,1140,4317215.160000,CONSULTATION SPECIFIQUE DE DEPISTAGE
202501,3331,4308515.120000,VACCIN ANTI-GRIPPE
202501,2138,4275549.170000,FORFAIT DE DIALYSE PERITONEALE CONTINUE AMBULATOIRE (DPCA)
202501,3518,4247084.340000,APPAREIL GENERATEUR D AEROSOL
202501,1410,4220649.280000,INLAY ONLAY RAC MOERE
202501,2137,4209785.870000,FORFAIT DE DIALYSE PERITONEALE AUTOMATISEE (DPA)
202501,1104,4209168.430000,CONSULTATION OBLIGATOIRE ENFANT
202501,2347,4198740.000000,FORFAIT D'ASTREINTE NUIT ET FERIE EN ETABLIS. PRIVE
202501,3597,4135341.880000,TELESURVEILLANCE COMMUN
202501,1640,4131090.000000,FORFAIT AIDE A L'INSTALLATION DU MEDECIN - CAIM
202501,1415,4110872.230000,PROTHESE FIXE METALLIQUE RAC 0
202501,3384,4100293.160000,HONO DISP 2
202501,1402,4034266.040000,PROTHESE FIXE RAC MODERE
202501,3586,4015168.830000,PROTHESE AUDITIVE PANIER 1 - RESTE A CHARGE ZERO - OREILLE GAUCHE
202501,3587,4015035.430000,PROTHESE AUDITIVE PANIER 1 - RESTE A CHARGE ZERO - OREILLE DROITE
202501,2136,3982090.930000,FORFAIT D HEMODIALYSE A DOMICILE
202501,1419,3666728.040000,PROTHESE AMOVIBLE RAC 0
202501,2179,3622600.890000,DOTATION DE TRANSFORMATION PSY
202501,4330,3619955.630000,PREJUDICES EXTRA PATRIMONIAUX - HORS IV
202501,1845,3607297.820000,INDEMNITE FORFAITAIRE DEPLACEMENT NEUROLOGIQUE
202501,1042,3582685.520000,CONSULTATION PEDIATRE 0-2 ANS
202501,3153,3548036.630000,MK-REEDUC RACHIS OPERE
202501,6221,3523379.660000,ALLOCATION REPOS MATERNEL NORMAL
202501,1843,3498857.420000,INDEMNITES FORFAITAIRES DE DEPLACEMENT MK ORTHOPEDIQUE ET RHUMATOLOGIQUE
202501,1408,3387548.040000,COURONNE ZIRCONE RAC MODERE
202501,4219,3343061.880000,AUTRES MODES DE TRANSPORT
202501,1082,3341085.690000,FORFAIT CONSULTATION URGENCE 2
202501,1066,3303351.000000,FORFAIT REGULATEUR SAS
202501,3599,3189404.970000,REALISATION TAG EN PHIE
202501,1201,3169129.600000,TELESURVEILLANCE 1
202501,1083,3119383.140000,FORFAIT CONSULTATION URGENCE 3
202501,2194,3115579.690000,PLATEAU TECHNIQUE SPECIALISE
202501,1202,3091201.600000,TELESURVEILLANCE 2
202501,1992,3080745.390000,PERMANENCE REMUNERATION DE NUIT
202501,3542,3061439.640000,PROTHESES EXTERNES NON ORTHOPEDIQUES (CHAP. 4)
202501,3508,3059214.540000,"VERRE DE CLASSE A, MULTIFOCAL OU PROGRESSIF COMPLEXE"
202501,3360,3026956.070000,VACCINATION GRIPPE PHARMACIEN
202501,1079,2998297.130000,SUPPLEMENT URGENCE IMAGERIE
202501,3517,2941987.710000,ALIMENTS DESTINES A DES FINS MEDICALES
202501,1043,2893506.720000,CONSULTATION PEDIATRE 2-6 ANS
202501,1322,2887868.380000,ACTE D'OBSTETRIQUE CCAM
202501,2391,2881548.800000,FORFAIT TECHNIQUE TARIF REDUIT N°2
202501,2156,2881519.800000,FORFAIT ENVIRONNEMENT HOSPITALIER 2
202501,3322,2823290.660000,MAJORATION POUR ACHAT HORS HEURES OUVRABLES
202501,2344,2797827.000000,FORFAIT DE GARDE NUIT ET FERIE EN ETABLIS. PRIVE
202501,1471,2734593.110000,"INLAY-ONLAY, A partir du 01/04/2019 (en date de soins) INLAY-ONLAY TARIF LIBRE"
202501,9421,2725341.760000,PREVENTION BUCCO-DENTAIRE: CONSULTATION
202501,4323,2677616.850000,INDEMNITE ALLOUEE EN REPARATION DES PREJUDICES EXTRA-PATRIMOMIAUX
202501,2159,2673830.950000,FORFAIT DE SECURITE DERMATOLOGIQUE
202501,2264,2669855.000000,FORFAIT IFAQ SSR
202501,2336,2644360.640000,FORFAIT POUR CONSULTATION EN CENTRE MEDICO-PSYCHO PEDAGOGIQUE
202501,2339,2628874.390000,AUTRES FORFAITS DIVERS (Y COMPRIS NUTRITION ENTERALE A DOMICILE)
202501,2155,2589099.150000,FORFAIT ENVIRONNEMENT HOSPITALIER 1
202501,3112,2566471.530000,ACTES INFIRMIERS DE SOINS
202501,3324,2557739.810000,ECART MEDICAMENT INDEMNISABLE
202501,3159,2533726.100000,MK-REEDUC MBRE SUP OPERE SOUS REF
202501,1473,2520257.530000,"INLAY-CORE, A partir du 01/04/2019 (en date de soins) INLAY-CORE TARIF LIBRE"
202501,3353,2491063.930000,PREPARATION HOSPITALIERE
202501,6120,2463555.480000,INDEMNITE TEMPORAIRE D'INAPTITUDE AT/MP
202501,1331,2415691.860000,ACTES DE RADIOLOGIE
202501,1071,2366890.830000,BIO MEDICALE CLASSE AGE 3
202501,8112,2288513.070000,MAJORATIONS POUR ASSISTANCE D  UNE TIERCE PERSONNE
202501,3351,2282053.680000,MEDICAMENT AVEC UNE AUTORISATION TEMPORAIRE D'UTILISATION
202501,3510,2266763.250000,"VERRE DE CLASSE A, NEUTRE OU UNIFOCAL SIMPLE"
202501,1191,2244081.780000,TELECONSULTATION TOUTES SPECIALITES
202501,3380,2240167.220000,HONO DISP COMP
202501,1409,2215618.910000,INLAY CORE RAC MODERE
202501,3130,2185689.540000,PRATIQUE AVANCEE INFIRMIER PAI
202501,3172,2181196.190000,SEANCE PSYCHOMOTRICIEN
202501,1994,2177933.310000,PERMANENCE REMUNERATION DIMANCHE ET FERIE
202501,1930,2134924.530000,ACTE D INJECTION DU VACCIN COVID19
202501,2116,2128013.040000,SUPPLEMENT NEONATOLOGIE 1
202501,1627,2114000.000000,CONTRAT INCITATIF CHIRURGIEN-DENTISTE
202501,3415,2110138.970000,RAPPEL VACCIN ADULTE PHARMACIEN
202501,6235,2092538.110000,IND REMP CC PAMC
202501,1901,2080420.710000,MAJORATION PERSONNES AGEES
202501,1168,2079857.970000,CONSULTATION PREVENTION SANTE SEXUELLE
202501,2392,2077097.460000,FORFAIT TECHNIQUE TARIF REDUIT N°3
202501,1044,2041034.090000,CONSULTATION PEDIATRE 6 ANS ET +
202501,2294,1955784.400000,DOTATION QUALITE URGENCE
202501,1939,1944657.000000,MAJORATION SAGE-FEMME
202501,8121,1917069.180000,PRESTATION COMPLEMENTAIRE POUR RECOURS A TIERCE PERSONNE
202501,2108,1913517.960000,SUPPLEMENT TRANSPORT 2
202501,4230,1891040.000000,PAIEMENT SORTIE BLANCHE
202501,3156,1858188.410000,MK-REEDUC MBRE INF NON OPERE SOUS REF
202501,1194,1841496.000000,TELE EXPERTISE DE NIVEAU 2
202501,6231,1821654.890000,IJ CONGE PRENATAL PAMC
202501,3383,1691877.870000,HONO DISP 1
202501,3115,1685797.600000,BILAN DE SOINS INFIRMIERS
202501,1416,1680440.560000,COURONNE TRANSITOIRE RAC 0
202501,4371,1628962.950000,FORFAIT DE SOINS MEDICALISES (REGIME DES MINISTRES DES CULTES ET DES MEMBRES CONGR. ET COLL.RELIGIEUSES)
202501,3147,1615262.390000,MK-REEDUC DEVIATION RACHIS
202501,1070,1572630.490000,BIO MEDICALE CLASSE AGE 2
202501,1125,1565013.490000,MAJORATION DE COORDINATION DES GENERALISTES
202501,1072,1538013.920000,SUPP. NUIT MEDECIN URGENTISTE
202501,1067,1537351.110000,SUPPLEMENT URGENCE CCMU 3
202501,9732,1519535.680000,AIDE A L'ACQUISITION D'UNE COUVERTURE COMPLEMENTAIRE POUR LES VICTIMES DU SEUIL ACS
202501,9201,1519411.000000,ENTRETIEN EVALUATION
202501,3126,1454129.320000,CONTRAT DEMOGRAPHIQUE KINE
202501,3543,1445283.660000,PROTHESES OCULAIRES ET FACIALES (CHAP. 5)
202501,3354,1419912.000000,MEDICAMENT AVEC AUTORISATION D'IMPORTATION
202501,2120,1407609.000000,DIFFERENTIEL TARIFAIRE CLINIQUE
202501,3363,1406195.000000,GARDE PHARMACIE DIMANCHE
202501,3356,1404497.390000,PHARMACIE HOSPITALIERE DEROGATOIRE
202501,1455,1378581.790000,CONSULTATION SPECIALISTE CD
202501,1993,1362521.000000,PERMANENCE REMUNERATION MILIEU DE NUIT
202501,1154,1346832.530000,MAJORATION CONSULTATION SUIVI APRES HOSPITALISATION PATIENTS A FORTE COMORBIDITE
202501,1069,1296598.190000,SUPP. IMAGERIE EN COUPE
202501,2109,1283088.050000,SUPPLEMENT TRANSPORT SEANCES
202501,1084,1243534.370000,FORFAIT CONSULTATION URGENCE 4
202501,1936,1219712.620000,MAJORATION VISITE REGULEE  DE NUIT
202501,3549,1183366.720000,PROCESSEUR POUR IMPLANT OSTE-INTEGRE
202501,1108,1175109.940000,MAJORATION CONSULTATION TRES COMPLEXE
202501,9716,1164221.230000,ACTION SOCIALE DENTAIRE
202501,4237,1073475.840000,AVION TRANSPORT SANITAIRE
202501,2133,1044130.560000,DIALYSE TIERCE PERSONNE
202501,1100,1037047.200000,PROTOCOLE MURAINE - BILAN VISUEL
202501,2147,1036227.170000,FORFAIT D'ENTRAINEMENT A L'HEMODIALYSE EN UNITE DE DIALYSE MEDICALISEE
202501,9423,1012805.760000,PREVENTION BUCCO-DENTAIRE: RADIO QUATRE CLICHES
202501,3138,1007092.000000,FORFAIT EVALUATION DOMICILE HANDICAP - ORTHOPHONIE
202501,3602,1001819.700000,SUPPLT CONDITIONNEL OPTIQUE CLS A
202501,1404,994821.170000,REPARATION ADJONCTION RAC 0
202501,3332,993182.240000,VACCIN ROR
202501,1098,991722.360000,CONSULTATION CCMU 3
202501,1177,982094.130000,AIDE FINANCIERE MATERNITE PATERNITE ADOPTION
202501,3329,973923.830000,FORFAIT MEDICAMENT IVG VILLE
202501,3222,935191.040000,PRELEVEMENT SANGUIN PAR UN DIRECTEUR DE LABORATOIRE
202501,6213,934267.920000,INDEMNITE DE REMPLACEMENT PATERNITE
202501,3506,930092.090000,MONTURE ADULTE DE CLASSE A
202501,9436,927705.000000,BUCCO DENT. CONSULTATION ET RADIO PANORAMIQUE
202501,1997,920597.850000,PERMANENCE REMUNERATION SAMEDI APRES MIDI
202501,3121,917761.170000,ACTES AMC
202501,1918,890674.750000,MAJORATION D'URGENCE
202501,1169,885979.900000,REMUNERATION POUR CERTIFICAT DE DECES
202501,6210,871018.620000,IJ PATERNITE HOSPITALISATION ENFANT
202501,6233,865385.440000,IJ CONGE PATHOLOGIQUE PAMC
202501,1076,839844.340000,CODE TRACEUR SAS
202501,4332,835283.430000,PREJUDICE AMIANTE
202501,2193,825815.610000,DOTATION PEDIATRIE
202501,1209,816708.760000,VISITE SPECIALISTE MEDECINE GENERALE
202501,1981,803771.080000,FORFAIT IVG HONORAIRES DE VILLE
202501,2280,801898.010000,FORFAIT IFAQ PSY
202501,3149,792062.530000,MK-REEDUC SOINS PALLIATIFS
202501,1941,791800.000000,MAJORATION CONSULTATION REGULEE SAMEDI APRES MIDI
202501,1081,772979.290000,FORFAIT CONSULTATION URGENCE 1
202501,8225,772742.620000,TRANSFERT DE CAPITAUX
202501,1413,769062.650000,REPARATION PROTHESE RAC MODERE
202501,1059,767888.350000,EXAMEN OBLIGATOIRE ENFANT COK
202501,6124,756107.370000,IJ CONGE SUPPLEMENTAIRE PREMA
202501,3373,755476.770000,PHARMACIE EN SUS DU GMT
202501,1965,744580.650000,MAJO DIMANCHE / NUIT HORS URGENCE
202501,4379,744459.820000,AVANCE RÉMUNÉRATION SPÉCIFIQUE CENTRES DE SANTÉ
202501,3405,736270.420000,REMUNERATION LABO TESTS PCR COVID 19
202501,1422,734137.080000,TRAITEMENTS D  ORTHODONTIE PRATIQUES PAR LE MEDECIN (ET EOS POUR LA CRPCEN)
202501,2150,702017.500000,VIDEOCAPSULE
202501,1913,700164.360000,MAJORATION MILIEU DE NUIT
202501,3355,695524.000000,MARGE FORFAITAIRE (MEDICAMENTS HOSPITALIERS)
202501,2269,684869.960000,FORFAIT PATHOLOGIE CHRONIQUE 1
202501,1923,668408.700000,EXAMEN DE SUIVI POST NATAL
202501,1199,661673.000000,DEMANDE TELEEXPERTISE
202501,3359,654910.380000,TROD ANGINE PHARMACIEN
202501,1073,652726.880000,SUPP DIMANCHE/FERIE -URGENTISTE
202501,9722,649433.370000,AIDES FINANCIERES INDIVIDUELLES AUTRES
202501,1093,645453.600000,EXAMEN OBLIGATOIRE ENFANT COB
202501,4203,633054.730000,SUPPLEMENT TRANSPORT PERSONNE MOBILITE REDUITE
202501,1937,632553.900000,MAJORATION VISITE REGULEE MILIEU DE NUIT
202501,4396,620717.730000,PRIME RESPONSABILITE SPECIALISTE
202501,1105,617698.330000,CONSULTATION COMPLEXE
202501,2168,616430.180000,FORFAIT ENVIRONNEMENT HOSPITALIER 6
202501,1132,615988.030000,MAJORATION CONSULTATION ENDOCRINO
202501,3319,611217.790000,PHARMACIE HOSPITALIERE
202501,1846,607647.060000,INDEMNITES FORFAITAIRES DE DEPLACEMENT MK PNEUMOLOGIE
202501,6114,606799.200000,IJ REDUITES +3MOIS
202501,1944,591440.290000,MAJORATION CORRESPONDANT URGENCE
202501,1211,587905.420000,VISITE COTEE V
202501,6236,577789.810000,IJ PATERNITE PAMC
202501,2331,567659.800000,RADIUMTHERAPIE ET CHIMIOTHERAPIE
202501,2343,567627.000000,FORFAIT POUR GARDE DE NUIT OU SAMEDI APRES MIDI EN ETABLIS. PRIVE
202501,3131,566035.560000,ACTES DES PEDICURES
202501,1159,558594.260000,renouvellement d'optique
202501,1946,549978.690000,FORFAIT SAGE-FEMME REFERENTE
202501,2346,538910.000000,FORFAIT POUR ASTREINTE DE NUIT OU SAMEDI APRES MIDI EN ETABLIS. PRIVE
202501,9721,530423.160000,AIDES FINANCIERES INDIVIDUELLES DIFFICULTES FINANCIERES
202501,1099,529595.590000,CONSULTATION CCMU 4 ET 5
202501,2309,521463.500000,COMPLEMENT FORFAIT URGENCE
202501,4328,520081.220000,PREJUDICE D'AGREMENT
202501,3170,518398.920000,SEANCE ERGOTHERAPEUTE
202501,1906,515449.470000,NOUVEAU FORFAIT PEDIATRIQUE
202501,9911,507196.600000,AIDE MENAGERE
202501,1127,507093.580000,MAJORATION DE COORDINATION CARDIOLOGUES
202501,9422,499607.960000,PREVENTION BUCCO-DENTAIRE: RADIO DEUX CLICHES
202501,1938,496983.860000,"MAJORATION VISITE REGULEE DE DIMANCHE, JOURS FERIES ET ASSIMILES"
202501,1982,487075.360000,VACCINATION HPV 1ERE DOSE
202501,3535,478645.770000,LENTILLES OPTIQUES
202501,1092,461530.950000,EXAMEN OBLIGATOIRE ENFANT COG
202501,1179,459841.000000,FORFAIT STRUCT. MEDECIN COMPLEMENT
202501,1218,453014.500000,VISITE SOINS PALLIATIFS
202501,1074,446379.210000,SUPP NUIT SPE/BIO/IMAGERIE
202501,3416,445021.480000,PHIE DEPISTAGE INFECTION URINAIRE
202501,1934,437084.510000,MAJORATION CONSULTATION REGULEE MILIEU DE NUIT
202501,6123,436569.430000,IJ EN CAS D  ADOPTION
202501,3408,434539.300000,REMISE KIT DCC
202501,1061,422746.170000,MAJORATION PSY ENFANT
202501,9434,422309.860000,ACTE DE DEPISTAGE DU CANCER COLORECTAL
202501,3101,412252.070000,FORFAIT STRUCTURE PS AUXILIAIRES
202501,1907,410242.460000,REMUNERATION DES SOINS DE PROXIMITE
202501,1475,401599.890000,"PROTHESE DENTAIRE PROVISOIRE, A partir du 01/04/2019 (en date de soins) COURONNE TRANSITOIRE TARIF LIBRE"
202501,3167,401041.720000,BILAN PSYCHOLOGUE
202501,1847,399761.040000,INDEMNITES FORFAITAIRES DE DEPLACEMENT DE SORTIE
202501,1849,388498.800000,INDEMNITE FORFAITAIRE DEPLACEMENT MK PERS. AGEE
202501,1106,387391.830000,MAJORATION CONSULTATION COMPLEXE
202501,6113,384532.820000,IJ REDUITES -3MOIS
202501,3601,373240.000000,TELESURVEILLANCE DEROGATOIRE
202501,2428,370330.050000,ECHO PRE IVG
202501,1407,369344.300000,COURONNE TRANSITOIRE RAC MODERE
202501,3145,365209.140000,MK-REEDUC AMPUTATIONS
202501,9763,356950.490000,AIDES FINANCIERES A CARACTERE SOCIAL AFFECTEES AU LOGEMENT
202501,3109,351382.420000,Majoration Infirmier Enfant
202501,2414,341679.310000,CONSULTATION IVG
202501,1361,340955.530000,VIDEOCAPSULE
202501,3595,336232.140000,PROTHESES AUDITIVES - PILES
202501,3142,335528.960000,TELESOINS ORTHOPHONISTES
202501,3168,327693.010000,SEANCE PSYCHOLOGUE
202501,3516,323190.160000,NUTRIMENTS POUR INTOLERANTS AU GLUTEN (CHAP. 3)
202501,1405,320328.400000,REPARATION PROTHESE ADJOINTE SIMPLE RAC 0
202501,6131,313766.050000,IJ NORMALES POUR CURE THERMALE
202501,3572,313451.200000,ECART TIPS INDEMNISABLE
202501,1077,307256.810000,SUPPLEMENT URGENCE CCMU 2
202501,9764,297937.670000,AIDES FINANCIERES A CARACTERE SOCIAL AFFECTEES AUX BESOINS ALIMENTAIRES ET VESTIMENTAIRES
202501,4141,293117.940000,FORFAIT THERMAL 1
202501,1134,286088.670000,MAJORATION PREMIERE CONSULTATION FAMILLE
202501,1226,277973.840000,MD DE NUIT
202501,4380,273942.600000,SOLDE RÉMUNÉRATION SPÉCIFIQUE CENTRES DE SANTÉ
202501,2117,271988.350000,SUPPLEMENT NEONATOLOGIE 2
202501,3221,266074.820000,PRELEVEMENT
202501,1920,266066.000000,CONTRAT DEMOGRAPHIQUE SAGE-FEMME
202501,1075,263407.170000,SUP DIMANCHE/FERIE SPE/BIO/IMAGE
202501,4326,262022.500000,PRETIUM PULCHRITUDINIS
202501,1995,256934.000000,PERMANENCE REMUNERATION TOTAL
202501,2302,256532.660000,SUPPLEMENT TRANSPORT DEFINITIF SSR
202501,3389,251033.480000,HONO DISP GC 4
202501,2252,250270.000000,FORFAIT JOURNALIER DE SORTIE
202501,1080,240881.960000,SUPPLEMENT URGENCE MODE ARRIVEE
202501,9752,239681.660000,GARDES MALADES A DOMICILE
202501,2342,238248.000000,FORFAIT POUR GARDE DE DEBUT DE NUIT EN ETABLIS. PRIVE
202501,9761,237567.280000,AIDES FINANCIERES INDIVIDUELLES ORTHODONTIE
202501,2345,236370.000000,FORFAIT POUR ASTREINTE DE DEBUT DE NUIT EN ETABLIS. PRIVE
202501,1178,232078.000000,FORFAIT STRUCT. MEDECIN
202501,3505,231075.280000,MONTURE ENFANT DE CLASSE A
202501,2134,226904.520000,FORFAIT D AUTODIALYSE SIMPLE
202501,4515,221948.400000,ALLOCATION ORPHELIN D'UN TRAVAILLEUR INDEPENDANT DECEDE
202501,1400,216440.620000,BRIDGE RAC MODERE
202501,1522,212852.700000,MAJORATION ASTREINTE
202501,9731,212544.930000,COMPLEMENT A L'ACS
202501,8120,211404.710000,MAJORATION FAUTE INEXCUSABLE RENTE ORPHELIN
202501,4144,210764.720000,FORFAIT THERMAL 3 AVEC 9 SEANCES KINESITHERAPIE
202501,1437,204619.380000,Majoration spécifique PDS Clinique Dentiste
202501,3225,202222.490000,PRELEVEMENT PAR PONCTION VEINEUSE DIRECTE POUR UN MEDECIN BIOLOGISTE
202501,9762,201776.730000,AIDES FINANCIERES INDIVIDUELLES PHARMACIE/LPP
202501,4512,198455.040000,FORFAIT CDC COTISANT  TI
202501,3509,198187.910000,"VERRE DE CLASSE A, UNIFOCAL COMPLEXE"
202501,6127,196983.370000,FORFAIT GROSSESSE TAUX REDUIT TI
202501,1434,195217.380000,PREVENTION BUCCO-DENTAIRE: CONSULTATION - MATER
202501,1203,194376.190000,RDV PREVENTION MEDECIN SAGE-FEMME
202501,2248,193504.000000,Forfait Innovation HIFU
202501,3171,191768.860000,BILAN PSYCHOMOTRICIEN
202501,6191,188366.850000,INDEMNITE DE NOURRITURE
202501,3575,181758.040000,COMPLEMENT AT 150% LPP
202501,2286,181568.990000,FORFAIT PATIENT URGENCE RO
202501,4316,180395.590000,FRAIS EXPERTISE AMIABLE
202501,3308,178421.190000,CODE TRACEUR TELECONSULTATION
202501,9778,178344.800000,BILANS DE COMPETENCES ET REORIENTATION PROFESSIONNELLE
202501,1844,176490.820000,INDEMNITES FORFAITAIRES DE DEPLACEMENT MK RHUMATISMALE
202501,3362,173280.000000,GARDE PHARMACIE FERIE
202501,1058,173197.300000,EXAMEN OBLIGATOIRE ENFANT COJ
202501,1467,172299.890000,CONSULTATION COMPLEXE CD
202501,9773,170578.750000,AIDES MENAGERES SORTIE D'HOSPITALISATION COORDONNEE
202501,3158,168414.630000,MK-REEDUC BRULURES
202501,3110,168000.000000,CONTRAT INCITATIF INFIRMIER
202501,4321,166413.560000,FRAIS FUNERAIRES
202501,1940,165408.500000,FORFAIT SORTIE PRECOCE
202501,1153,164522.400000,MAJORATION CONSULTATION POUR INSUFFISANT CARDIAQUE APRES HOSPITALISATION
202501,1460,164058.000000,AVIS PONCTUEL DE CONSULTANT CD
202501,1117,163088.280000,CONSULTATION DES SPECIALISTES COTEE C2
202501,9719,159009.070000,AIDES FINANCIERES INDIVIDUELLES HOSPITALISATION
202501,3139,159000.000000,CONTRAT INCITATIF ORTHOPHONISTE
202501,3596,157254.190000,DELIVRANCE DE MASQUE
202501,9111,154324.360000,COMPLEMENT TICKET MODERATEUR
202501,9769,154168.100000,AIDES FINANCIERES A CARACTERE SOCIAL PALLIANT L'ABSENCE DE REVENUS
202501,9221,152224.190000,TEST DE DEPISTAGE RAPIDE (FOURNISSEUR)
202501,4111,150447.720000,FORFAIT DE SURVEILLANCE MEDICALE  1ER HANDICAP
202501,3382,150336.840000,PRISE EN CHARGE DEROGATOIRE PHARMACIE
202501,8114,150252.370000,RENTES DE REVERSION
202501,3213,149852.160000,FORFAIT PREALABLE BIOLOGIE IVG VILLE
202501,2198,149351.830000,DOTATION QUALITE CODAGE
202501,3423,145336.000000,RDV PREVENTION PHARMACIE
202501,1039,144944.070000,TELECONSULTATION PEDIATRE 2-6 ANS
202501,3113,144070.240000,ACTES INFIRMIERS DES SAGES-FEMMES (SFI)
202501,6209,142707.190000,CONGE REPIT POUR DECES DE L'ENFANT
202501,3565,141394.520000,OPTIQUE - ADAPTATION VERRE DE CLASSE A
202501,3102,138155.000000,CONTESTATION FORFAIT STRUCTURE PS AUXILIAIRES
202501,9743,138057.850000,AIDES A LA DEAMBULATION ET AU TRANSPORT
202501,9203,137993.000000,SEANCE DE SUIVI A DISTANCE
202501,1182,136115.800000,REMUNERATION OPTAM
202501,2426,132591.540000,CONSULTATION IVG SPECIALISTE
202501,1040,129352.130000,TELECONSULTATION PEDIATRE 0-2 ANS
202501,2195,128699.140000,SUPPLEMENT ANTEPARTUM
202501,1047,127820.360000,CONSULTATION PSYCHIATRE RAPIDE SUITE ORIENTATION SAS OU MTT
202501,1228,126850.050000,MD  DE DIMANCHE ET JOUR FERIES
202501,3310,126562.110000,BILAN MEDICATION PARTAGE
202501,2418,122299.070000,VERIFICATION ECHOGRAPHIQUE
202501,2157,122200.870000,FORFAIT ENVIRONNEMENT HOSPITALIER 3
202501,4142,121183.540000,FORFAIT THERMAL 2 AVEC KINESITEHRAPIE
202501,1523,121050.000000,Permanence Rémunération demi-journée Chirurgien-dentiste
202501,3612,118963.550000,SUPPLEMENT DEROGATOIRE SG SUR PRESTATION SANITAIRE REMBOURSABLE (CNMSS)
202501,8116,118774.980000,RENTES D  ASCENDANT
202501,2300,117431.130000,TARIF JOURNALIER MIGRANTS
202501,2421,116928.360000,INTERVENTION + ANESTHESIE AMBULATOIRE
202501,4143,115773.820000,FORFAIT THERMAL 2EME ORIENTATION
202501,1173,114745.070000,FORFAIT PATIENTELE MEDECIN TRAITANT
202501,3144,111593.090000,VACATION HORS MEDECINS VACCI COVID19
202501,2258,110146.840000,FORFAIT DE SOINS JOURNALIER
202501,2107,108106.750000,TRANSPORT SEANCE DIALYSE
202501,9912,107425.800000,AIDE MENAGERE FAMILIALE (MILITAIRES)
202501,9772,104497.900000,AIDES MENAGERES
202501,4236,103627.330000,AVION EVACUATION SANITAIRE
202501,4131,101201.110000,FRAIS DE TRANSPORT - CURES THERMALES
202501,1215,100724.970000,AVIS PONCTUEL DE CONSULTANT MEDECIN (VISITE)
202501,4224,97852.510000,PRATIQUE DE GEO LOCALISATION PAR DISPOSITIF EMBARQUE
202501,9715,95791.680000,AIDES FINANCIERES INDIVIDUELLES OPTIQUE
202501,2354,93700.000000,FORFAIT TECHNIQUE TOMOGRAPHIE
202501,1068,93425.180000,SUPP. AVIS DE SPECIALISTE
202501,1999,90425.000000,ASTREINTE DE NUIT CORRESPONDANT SAMU
202501,2249,89053.340000,FORFAIT ACTIVITE ISOLE
202501,3348,88988.310000,ACCOMP. SUIVI INITIAL
202501,4132,87318.950000,FRAIS D  HOTEL - CURES THERMALES
202501,3507,86184.090000,"VERRE DE CLASSE A, MULTIFOCAL OU PROGRESSIF TRES COMPLEXE"
202501,1049,86154.290000,SUPPL. PEDIATRIQUE URGENCE 2
202501,1943,85991.400000,MAJORATION URGENCE MT
202501,2338,85987.220000,FORFAIT PETIT MATERIEL
202501,1942,85952.460000,MAJORATION VISITE REGULEE SAMEDI APRES MIDI
202501,1521,83925.560000,MAJORATION POUR GARDE
202501,1212,79267.460000,VISITE COTEE VS
202501,1477,78733.440000,"REPARATION SUR PROTHESE, A partir du 01/04/2019 (en date de soins) REPARATION PROTHESE TARIF LIBRE"
202501,3136,76220.400000,MAJORATION ENFANT - ORTHOPHONIE
202501,2337,75635.760000,SEANCE DE DIAGNOSTIC
202501,1142,74855.800000,REMUNERATION ADHESION SOPHIA (SOINS DE VILLE)
202501,2143,73768.900000,FF D ENTRAINEMENT A LA DIALYSE PERITONEALE AUTOMATISEE A DOMICILE
202501,2144,72965.440000,FF D ENTRAINEMENT A LA DIALYSE PERITONEALE CONTINUE AMBULATOIRE A DOMICILE
202501,1078,71706.910000,SUPPLEMENT URGENCE BIOLOGIE
202501,1904,70391.880000,MAJORATION ENFANT PEDIATRE
202501,9133,70382.810000,FRAIS D  HEBERGEMENT EN CURE THERMALE
202501,2167,70039.440000,FORFAIT ENVIRONNEMENT HOSPITALIER 5
202501,3169,69632.860000,BILAN ERGOTHERAPEUTE
202501,2419,69512.710000,FORFAIT INTERVENTION AMBULATOIRE
202501,1841,68909.120000,INDEMNITES FORFAITAIRES DE DEPLACEMENT
202501,3531,67266.930000,OPTIQUE MEDICALE PROPREMENT DIT
202501,3421,66636.760000,PHIE EN AAC ET AAP - SEJOUR SSR
202501,3343,66018.290000,PREPARATION MAGISTRALE ALLOPATHIQUE
202501,1318,64061.130000,ACTE DE PHONIATRIE PAR MEDECIN
202501,4327,59300.000000,PRETIUM SEXUALE
202501,9744,59124.400000,AUTRES TYPES D AIDES
202501,4329,58606.830000,PREJUDICE PERTE OU DIMINUTION PROMOTION PROFESSIONNELLE
202501,9741,57485.090000,AIDES AU LOGEMENT
202501,1928,57055.600000,REMUNERATION VACCINATION COVID 19
202501,9767,56836.800000,AIDES FINANCIERES A CARACTERE SOCIAL D'ATTENTE DE VERSEMENT DE REVENUS DE SUBSTITUTION
202501,3140,56813.870000,TELESOINS INFIRMIERS
202501,4353,56418.190000,"INDEMNITE POUR PERTE DE SALAIRE (MALADIE, AT)"
202501,1094,53580.800000,EXAMEN OBLIGATOIRE ENFANT COA
202501,1948,53250.000000,FORFAIT DE SURVEILLANCE SF
202501,2422,52550.890000,FORFAIT POUR IVG MEDICAMENTEUSE
202501,9717,51856.850000,ACTION SOCIALE AUDITIF
202501,1439,51774.000000,BUCCO DENT. CONSULTATION ET RADIO PANORAMIQUE MATERNITE
202501,1414,50982.840000,SUPPLEMENT PROTHESE METALLIQUE RAC MODERE
202501,8117,48514.240000,MAJORATION FAUTE INEXCUSABLE RENTE ASCENDANT
202501,4413,48458.700000,DISPENSAIRES ANTIVENERIENS
202501,3570,48409.660000,OPTIQUE - AUTRE SUPPLEMENT
202501,9768,47926.180000,AIDES FINANCIERES A CARACTERE SOCIAL AFFECTEES AUX FRAIS D'OBSEQUES
202501,3590,47845.750000,PROTHESES AUDITIVES - ACCESSOIRES
202501,9775,47281.730000,AIDES MENAGERES PROGRAMME D'ACCOMPAGNEMENT APRES INTERVENTION ORTHOPEDIQUE
202501,1051,46949.220000,SUPPL. PEDIATRIQUE URGENCE 1
202501,1998,46881.250000,ASTREINTE DE JOUR CORRESPONDANT SAMU
202501,4154,46777.330000,FORFAIT THERMAL 9 SEANCES INDIVIDUELLES
202501,3387,46346.850000,HONO DISP GC 1
202501,1905,45175.050000,NOUVEAU FORFAIT ENFANT
202501,9132,44947.390000,FRAIS DE DEPLACEMENT EN CURE THERMALE
202501,4239,44234.620000,BATEAU TRANSPORT SANITAIRE
202501,6257,42845.860000,ALLOCATION EXPOSITION NORMALE - 3 MOIS
202501,6258,42724.370000,ALLOCATION EXPOSITION NORMALE + 3 MOIS
202501,9735,42232.390000,AIDE AU MAINTIEN DANS L'ACTIVITE
202501,1821,42209.680000,"ID PARIS LYON MARSEILLE, +100.000 HA, -100.000 HA"
202501,6241,42179.690000,ALLOCATION ACCOMPAGNEMENT FIN DE VIE CESSATION ACTIVITE TEMPS PLEIN
202501,2100,41844.720000,FORFAIT ENVIRONNEMENT HOSPITALIER 7
202501,1174,41546.000000,TELESURVEILLANCE : MEDECIN TELESURVEILLANT
202501,4218,41422.950000,Taxi tarif C
202501,1055,41360.000000,SUIVI MRTC
202501,6014,41094.040000,COMPLEMENT IJ >PLAFOND   (CRPCEN)
202501,6110,40729.260000,IJ NORMALES + 6MOIS
202501,3305,39523.630000,CONTESTATION QUALITE DE SERVICE PHARMACIE
202501,3216,39398.400000,FORFAIT ULTERIEUR BIOLOGIE IVG VILLE
202501,9134,39260.130000,PRIME DE FIN DE REEDUCATION PROFESSIONNELLE
202501,3403,38421.050000,REMUNERATION PHARMACIEN COVID 19
202501,3137,36570.000000,FORFAIT POST HOSPITALISATION - ORTHOPHONIE
202501,3369,34593.980000,CODE TRACEUR DISPENSATION ADAPTEE
202501,3598,33954.270000,DELIVRANCE AUTOTESTS EN PHIE
202501,3591,33835.950000,PRISE EN CHARGE DEROGATOIRE LPP
202501,1183,33664.990000,CONTESTATION OPTAM
202501,3411,33525.230000,"SANG,PLASMA ET LEURS DERIVES"
202501,3129,33479.000000,PRATIQUE AVANCEE INFIRMIER MIP
202501,3325,33044.690000,MAJORATION PHARMACIE DES ILES
202501,1945,32673.150000,MAJORATION MEDECIN TRAITANT REGULATION
202501,2304,32476.350000,SUPPLEMENT TRANSPORT PERMISSION THERAPEUTIQUE SSR
202501,4145,32271.220000,FORFAIT THERMAL 72 SEANCES AVEC KINE
202501,1983,31108.540000,VACCINATION HPV 2EME DOSE
202501,1929,30838.320000,ACTE DE VACCINATION COVID 19
202501,9771,30574.410000,AIDES PROTHESES AUDITIVES
202501,4317,30371.040000,HONORAIRE COMITE  REGIONAL  RECONNAISSANCE Maladie  Professionnelle
202501,1462,30063.290000,"PROTHESE FIXE METALLIQUE, A partir du 01/04/2019 (en date de soins) PROTHESE FIXE METALLIQUE TARIF LIBRE"
202501,1641,30000.000000,MAJORATION AIDE À L'INSTALLATION DU MEDECIN - CAIM
202501,1947,29920.000000,FORFAIT ASTREINTE SAGE-FEMME
202501,3584,29455.060000,"OPTIQUE - APPAIRAGE NIVEAU 1, 2 OU 3 VERRE DE CLASSE A"
202501,6125,29278.400000,INDEMNITE REMPLACEMENT CONJOINTS COLLABORATEURS TI
202501,2184,28438.000000,COORDINATION PRELEVEMENT D ORGANES
202501,3404,28314.570000,ENTRETIEN FEMME ENCEINTE
202501,1216,28298.700000,AVIS PONCTUEL DE CONSULTANT PSYCHIATRE (VISITE)
202501,9999,27982.770000,VALEUR INCONNUE
202501,2146,27967.630000,FORFAIT DE DIALYSE PERITONEALE CONTINUE AMBULATOIRE POUR HOSPITALISATION DE 3 A 6 JOURS
202501,3574,27792.300000,DISPOSITIF MEDICAL (PRISE EN CHARGE EXCEPTIONNELLE)
202501,3104,27680.390000,TELECONSULTATION LIEU DEDIE
202501,3563,27603.270000,MONTURE ADULTE DE CLASSE B
202501,1185,27500.000000,MURAINE - PAIEMENT DU BONUS ANNUEL
202501,2265,27254.000000,DOTATION MODULEE A L'ACTIVITE
202501,1213,27115.500000,VISITE COTEE VNP
202501,2415,26974.790000,MEDICAMENTS: MIFEYGINE
202501,1990,26710.000000,FORFAIT D'INTERVENTION PAR SORTIE SUR DEMANDE DE LA REGULATION
202501,3128,26370.000000,RETOUR A DOMICILE POST CHIRURGIE ORTHOPEDIQUE
202501,1617,26355.240000,REDEVANCE CHEF DE CLINIQUE
202501,2420,25609.720000,FORFAIT INTERVENTION DUREE < OU = 12 H PRIVE MEDIC
202501,3127,25340.000000,FORFAIT PRISE EN CHARGE AVC
202501,3124,24910.000000,FORFAIT TROUBLES NEURO-DEVELOPPEMENT
202501,3166,24787.500000,RDV PREVENTION INFIRMIER
202501,4241,24248.550000,TRAIN TRANSPORT SANITAIRE
202501,1054,23840.000000,BILAN MRTC
202501,9521,23160.910000,ACTES DE PREVENTION
202501,2215,23137.700000,SUPPLEMENT DEROGATOIRE SG SUR PRESTATION SEJOUR REMBOURSABLE (CNMSS)
202501,2287,23089.460000,FORFAIT PATIENT URGENCE RL
202501,1435,22884.000000,PREVENTION BUCCO-DENTAIRE: RADIO DEUX CLICHES-MATER
202501,4112,22200.010000,FORFAIT DE SURVEILLANCE MEDICALE REDUIT  2EME HANDICAP
202501,1964,22172.250000,MAJORATION 19H-21H
202501,2145,21694.140000,FORFAIT DE DIALYSE PERITONEALE AUTOMATISE POUR HOSPITALISATION DE 3 A 6 JOURS
202501,2158,21206.190000,FORFAIT ENVIRONNEMENT HOSPITALIER 4
202501,6239,20798.940000,INDEMNITÉ MALADIE DOUBLE ACTIVITÉ  PAMC
202501,3358,20431.020000,ACCOMPAGNEMENT CHIMIOTHERAPIE PATIENTS SOUS TRAITEMENTS ANTICANCEREUX AU LONG COURS POUR L'ANNEE INITIALE
202501,4152,20151.640000,FORFAIT THERMAL 18 SEANCES INDIVIDUELLES
202501,2238,20065.910000,FORFAIT D ACCUEIL ET DE TRAITEMENT DES URGENCES
202501,1064,19612.330000,CDE GARANTIE REVENU 1ERE ANNEE
202501,4372,18859.400000,FORFAIT REPOS CONVALESCENCE (REGIME DES MINISTRES DES CULTES ET DES MEMBRES CONGR. ET COLL.RELIGIEUSES)
202501,6214,18738.400000,IJ CONGE SUPPLEMENTAIRE MATERNITE PAMC
202501,1086,18517.920000,TELESOINS SF
202501,3426,18177.960000,Libellé non disponible
202501,8222,17632.140000,RACHAT OBLIGATOIRE
202501,1813,17456.140000,IK PIED SKI
202501,1646,17016.400000,AIDE FORFAITAIRE - COSCOM
202501,3368,16808.790000,ACCOMPAGNEMENT CHIMIOTHERAPIE AUTRES TRAITEMENTS ANTICANCEREUX (PREMIERE ANNEE)
202501,1436,16679.000000,PREVENTION BUCCO-DENTAIRE: RADIO QUATRE CLICHES-MATER
202501,2411,16618.980000,INTERVENTION IVG
202501,3349,15753.930000,ACCOMP. SUIVI SUPPL.
202501,3503,15542.340000,"VERRE DE CLASSE B, UNIFOCAL SPHERO-CYLINDRIQUE A SPHERE NEGATIVE SIMPLE"
202501,1962,15144.280000,VACATION MEDECIN VACCINATION COVID 19
202501,1131,15038.200000,MAJORATION CONSULTATION APPAREILLAGE
202501,9112,15029.430000,COMPLEMENT FRAIS DE TRANSPORT ET DE SEJOUR
202501,3367,14996.000000,BILAN MEDICATION SANS CHANGEMENT DE TRAITEMENT
202501,3105,14721.630000,TELECONSULTATION DOMICILE
202501,3519,14481.850000,"VERRE DE CLASSE B, MULTIFOCAL OU PROGRESSIF SPHERO-CYLINDRIQUE A SPHERE NEGATIVE SIMPLE"
202501,4151,13520.000000,FORFAIT THERMAL 18 SEANCES COLLECTIVES
202501,2412,13197.780000,ANESTHESIE GENERALE
202501,4210,13104.830000,Taxi tarif A
202501,3520,13056.010000,"VERRE DE CLASSE B, MULTIFOCAL OU PROGRESSIF SPHERO-CYLINDRIQUE A SPHERE POSITIVE SIMPLE"
202501,2119,13010.290000,SUPPLEMENT DEFIBRILLATEUR
202501,1050,12934.900000,FORFAIT CONSULTATION URGENCE 0
202501,8227,12828.650000,MAJORATION FAUTE INEXCUSABLE INDEMNITE EN CAPITAL
202501,2237,12634.250000,TM PJ - PART OC
202501,4221,12487.520000,AMBULANCE AGREEE DE GARDE
202501,1146,12236.290000,REMUNERATION OBJECTIF MEDECIN COMPLEMENT ET CENTRES DE SANTE
202501,2250,12021.170000,FORFAIT JOURNALIER - PART OC
202501,1949,11760.000000,MAJORATION DE SURVEILLANCE SF
202501,3337,11704.900000,FORFAIT FAUSSE COUCHE VILLE
202501,9742,11639.290000,AIDE A LA COMMUNICATION HORS AUDITIF
202501,4416,11048.160000,PROTECTION MATERNELLE ET INFANTILE
202501,6251,11032.610000,ALLOCATION NUIT NORMALE - 3 MOIS
202501,9766,10818.490000,AIDES FINANCIERES A CARACTERE SOCIAL AFFECTEES AUX REGLEMENTS D'IMPOTS TAXES ET PRIMES
202501,1996,10790.000000,PERMANENCE REMUNERATION SAMEDI MATIN
202501,1961,10277.510000,SUPPLEMENT DEROGATOIRE SG SUR ACTE PROFESSIONNEL REMBOURSABLE (CNMSS)
202501,1060,10184.140000,MAJORATION GYNECO MEDICALE
202501,4153,9990.350000,FORFAIT THERMAL 9 SEANCES COLLECTIVES
202501,3610,9956.270000,SUPPLEMENT DEROGATOIRE SG SUR PRESTATION PHARMACIE NON REMBOURSABLE (CNMSS)
202501,9765,9951.360000,AIDES FINANCIERES A CARACTERE SOCIAL AFFECTEES AUX FRAIS DE SCOLARISATION
202501,1227,9881.620000,MD  DE MILIEU NUIT
202501,9774,9847.010000,ACTES FOURNITURES SORTIE D'HOSPITALISATION COORDONNEE
202501,9751,9738.070000,FOURNITURES ET ACCESSOIRES NON REMBOURSABLES
202501,3502,9533.110000,"VERRE DE CLASSE B, UNIFOCAL SPHERO-CYLINDRIQUE A SPHERE POSITIVE SIMPLE"
202501,1425,9207.780000,COMPLEMENT AT 150% DENTAIRE
202501,3103,8768.500000,TELECONSULTATION LORS D'UN SOIN
202501,3417,8365.500000,ROSP PHIE BON USAGE PDT SANTE
202501,2288,8296.340000,FORFAIT INNOVATION ONCOGRAMME
202501,9777,8137.840000,PHARMACIE NON REMBOURSABLE SOINS PALLIATIFS
202501,2321,7642.740000,FORFAIT - LONG SEJOUR PERSONNES AGEES
202501,2106,7250.580000,TRANSPORT DEFINITIF DIALYSE
202501,2289,7187.210000,FORFAIT INNOVATION SUNRISE
202501,9902,6875.320000,AIDE SOCIALE (MILITAIRES)
202501,3504,6474.460000,"VERRE DE CLASSE B, NEUTRE OU UNIFOCAL SPHERIQUE SIMPLE"
202501,1085,6448.000000,CONSULTATION PROTOCOLE COOPERATIF
202501,3342,6122.950000,PREPARATION MAGISTRALE ALLOPATHIQUE 15 %
202501,1963,6036.000000,MAJO URGENCE + DE 75 ANS SAMU/AMB
202501,1062,5986.400000,CDE CONGE PARENTAL
202501,3143,5957.840000,TELESOINS ORTHOPTISTES
202501,1196,5899.000000,FORFAIT INNOVATION SYSTEME DE SANTE
202501,9211,5669.050000,VACCIN (MILITAIRES) / VACCIN GRIPPE (CRPCEN)
202501,4220,5635.620000,Taxi tarif D
202501,3350,5617.000000,BILAN MEDICATION AVEC CHANGEMENT DE TRAITEMENT
202501,1187,5600.000000,CONTRAT COLLECTIF   AIDE INVESTISSEMENT
202501,1406,5391.370000,SUPPLEMENT PROTHESE RESINE RAC 0
202501,1456,5337.050000,VISITE CD
202501,1135,5091.300000,MAJORATION CONSULTATION ANNUELLE FAMILLE
202501,4211,5012.500000,SERVICES MOBILES D  URGENCE ET DE REANIMATION (SMUR)
202501,2416,5003.490000,MEDICAMENTS: PROSTAGLANDINES
202501,1056,4871.320000,TELECONSULTATION GENERALISTE IVG
202501,4325,4864.660000,INDEMNITE COMPLEMENTAIRE POUR REEDUCATION PROFESSIONNELLE
202501,1474,4813.850000,"PROTHESE AMOVIBLE DEFINITIVE METALLIQUE, A partir du 01/04/2019 (en date de soins) PROTHESE AMOVIBLE METALLIQUE TARIF LIBRE"
202501,6232,4580.440000,IJ CONGE ADOPTION PAMC
202501,1145,4515.000000,REMUNERATION OBJECTIF MEDECIN ET CENTRES DE SANTE
202501,3564,4499.250000,MONTURE ENFANT DE CLASSE B
202501,3123,4489.500000,TELESOINS MK
202501,9720,4486.830000,AMENAGEMENT PRET
202501,3559,4432.060000,"VERRE DE CLASSE B, MULTIFOCAL OU PROGRESSIF SPHERIQUE SIMPLE"
202501,3611,4427.550000,SUPPLEMENT DEROGATOIRE SG SUR PRESTATION SANITAIRE NON REMBOURSABLE (CNMSS)
202501,4417,4342.740000,AUTRES PARTICIPATIONS FORFAITAIRES NON INDIVIDUALISEES
202501,2293,4166.670000,DOTATION NOUVELLES ACTIVITES
202501,9511,4158.000000,EXAMEN ET BILAN DE SANTE
202501,9129,4126.760000,INDEMNITES COMPLEMENTAIRES EN REEDUCATION PROFESSIONNELLE
202501,1403,3967.290000,REPARATION FACETTE PROTHESE AMOVIBLE RAC 0
202501,6242,3927.080000,ALLOCATION ACCOMPAGNEMENT FIN DE VIE CESSATION ACTIVITE REDUITE
202501,6222,3864.000000,ALLOCATION REPOS MATERNEL ADOPTION
202501,9776,3822.930000,ACTES FOURNITURES PROGRAMME D'ACCOMPAGNEMENT APRES INTERVENTION ORTHOPEDIQUE
202501,3339,3500.240000,FORFAIT FAUSSE COUCHE ETABLISSEMENT AVEC ECHOGRAPHIE
202501,2423,2956.960000,FORFAIT INTERVENTION AVEC NUITEE
202501,8224,2872.110000,RACHAT FACULTATIF PARTIEL
202501,2290,2860.210000,FORFAIT JOURNALIER RL PRIVE
202501,2163,2853.210000,SUPPLEMENT JOURNALIER DIALYSE PERITONEALE
202501,1452,2788.560000,"PROTHESE AMOVIBLE DEFINITIVE RESINE, A partir du 01/04/2019 (en date de soins) PROTHESE AMOVIBLE RESINE TARIF LIBRE"
202501,9737,2740.000000,CONSULTATION MEDICO-PRO TI
202501,9204,2663.040000,DEPISTAGE MALADIES SURCHARGE-DYSLIPEMIE
202501,1175,2535.430000,PEC EXCEPTIONNELLE DEPASSEMENT HONORAIRE TP
202501,1642,2500.000000,MAJORATION POUR EXERCICE PARTIEL EN HÔPITAL DE PROXIMITÉ - CAIM
202501,2424,2490.180000,INTERVENTION + ANESTHESIE AVEC NUITEE
202501,4156,2450.000000,THERMAL-SUITE CANCER DU SEIN
202501,1910,2420.000000,Plan personnalisé de santé
202501,2104,2415.470000,SUPPLEMENT TRANSPORT PROVISOIRE (PSY/SSR)
202501,1618,2368.000000,COMPLEMENT DE REMUNERATION CHEF DE CLINIQUE
202501,1122,2291.000000,EXAMEN SPECIAL (PROTOCOLE)
202501,3550,2169.530000,PROTHESE AUDITIVE SUIVI
202501,1150,2124.500000,REMUNERATION PRATICIENS TERRITORIAUX DE MEDECINE GENERALE
202501,9208,2100.000000,DEPISTAGE SCOLAIRE ENFANT
202501,9210,1932.000000,FORMATION DEPISTAGE SCOLAIRE
202501,6128,1932.000000,FORFAIT ADOPTION TAUX PLEIN TI
202501,4113,1894.970000,PRATIQUES MEDICALES COMPLEMENTAIRES COTEES EN K
202501,9435,1771.000000,BUCCO DENT. CONSULTATION COMPLEXE
202501,3594,1723.300000,PEC EXCEPTIONNELLE DEPASSEMENT LPP TP
202501,3370,1700.000000,ACCOMPAGNEMENT CHIMIOTHERAPIE SOUS TRAITEMENTS ANTICANCEREUX AU LONG COURS
202501,6211,1686.140000,ALLOCATION FEMME ENCEINTE
202501,3413,1679.200000,LAIT HUMAIN
202501,4310,1656.000000,FRAIS EXPERTISE CONTENTIEUX MALADIE
202501,6132,1614.800000,IJ MAJOREES POUR CURE THERMALE
202501,1087,1595.000000,AIDE ASSISTANT MEDICAL  COMPLEMENT
202501,3304,1498.840000,PAIEMENT QUALITE DE SERVICE PHARMACIE
202501,2230,1494.300000,PRIX DE JOURNEE REGIME LOCAL
202501,3135,1479.800000,FORFAIT EVALUATION DOMICILE HANDICAP
202501,9118,1456.000000,FRAIS FUNERAIRES
202501,3541,1412.600000,APPAREILS ELECTRONIQUES DE SURDITE  (CHAP 3.)
202501,1170,1410.940000,PEC EXCEPTIONNELLE DÉPASSEMENT HONORAIRE
202501,4322,1404.800000,TRANSPORT DU CORPS
202501,9123,1374.200000,COMPLEMENT MALADIES CHRONIQUES ET MAINTIEN A DOMICILE
202501,2222,1372.350000,SUPPLEMENT POUR SURVEILLANCE DU MALADE
202501,3558,1363.170000,LPP DEPAST PRIX LIMITE DE VENTE
202501,2298,1315.950000,FORFAIT URGENCE MINORE ALM
202501,1118,1292.780000,"CONSULTATION DES PSYCHIATRES COTEE C2,5"
202501,4217,1281.880000,Taxi tarif B
202501,4318,1272.000000,DEPLACEMENT COMITE REGIONAL RECONNAISSANCE MP
202501,9429,1266.000000,CAMPAGNE BUCCO DENTAIRE MOCALES
202501,2164,1204.640000,ADMINISTRATION DE PRODUITS ET PRESTATIONS EN ENVIRONNEMENT HOSPITALIER
202501,3315,1094.430000,MEDICAMENTS ANTIRETROVIRAUX
202501,9116,1050.000000,INDEMNITES JOURNALIERES MATERNITE POUR CERTAINES CATEGORIES D ASSURES
202501,9131,1005.130000,INDEMNITE DE PERTE DE SALAIRE Y COMPRIS  DIALYSE A DOMICILE
202501,1193,992.000000,TELE EXPERTISE DE NIVEAU 1
202501,9209,966.000000,Libellé non disponible
202501,4229,957.920000,Taxi tarif F
202501,2212,922.530000,MAJORATION PMSI
202501,3376,901.000000,ACCOMPAGNEMENT CHIMIOTHERAPIE AUTRES TRAITEMENTS ANTICANCEREUX
202501,1038,896.610000,Libellé non disponible
202501,6252,860.270000,ALLOCATION NUIT NORMALE + 3 MOIS
202501,3501,832.200000,"VERRE DE CLASSE B, UNIFOCAL SPHERO-CYLINDRIQUE A SPHERE NEGATIVE TRES COMPLEXE"
202501,1468,799.800000,Libellé non disponible
202501,2234,702.660000,FORFAIT D  ENTREE
202501,1180,700.000000,ROSP MT ENFANT
202501,2413,691.200000,INVESTIGATIONS BIOLOGIQUES
202501,2231,682.530000,FORFAIT PHARMACEUTIQUE
202501,3523,654.840000,MONTURE MOINS DE 18 ANS CMU
202501,3340,474.840000,FORFAIT FAUSSE COUCHE ETABLISSEMENT SANS ECHOGRAPHIE
202501,3530,459.080000,OPTIQUE -ENFANT-N°4 UNIFOCAUX (CMU)
202501,3338,438.400000,FORFAIT FAUSSE COUCHE VILLE SANS ÉCHOGRAPHIE
202501,3500,435.550000,"VERRE DE CLASSE B, UNIFOCAL SPHERO-CYLINDRIQUE A SPHERE POSITIVE COMPLEXE"
202501,1045,432.500000,EXAM PARENTAL GROSSESSE CO-PARENT
202501,3585,407.220000,OPTIQUE ¿ SUPPLEMENT POUR VERRES TEINTES (PLAFONNE)
202501,3593,400.000000,TELESURVEILLANCE : FOURNISSEUR DE LA SOLUTION
202501,1912,398.670000,HONORAIRES NON VENTILABLES INDIVIDUALISES
202501,1123,339.000000,SUITE D  EXAMEN DE SANTE
202501,4206,332.480000,PRESTATION FIN DE GARDE AMBULANCE
202501,1457,322.000000,VISITE SPECIALISTE CD
202501,9212,276.000000,FORMATION LANGAGE ENSEIGNANT
202501,4333,276.000000,FRAIS EXPERTISE CTX AT
202501,2240,263.530000,TARIF JOURNALIER COMPLEMENTAIRE
202501,3414,250.250000,AUTRES PRODUITS D  ORIGINE HUMAINE
202501,1426,222.000000,PEC EXCEPTIONNELLE DÉPASSEMENT DENTAIRE
202501,9114,200.000000,COMPLEMENT AUX FRAIS D HOSPITALISATION DE LA MERE QUI ALLAITE SON ENFANT
202501,2221,199.990000,SUPPLEMENT CHAMBRE PARTICULIERE
202501,3568,196.180000,"VERRE DE CLASSE B, MULTIFOCAL OU PROGRESSIF SPHERO-CYLINDRIQUE A SPHERE NEGATIVE TRES COMPLEXE"
202501,3580,185.440000,OPTIQUE - ADAPTATION VERRE DE CLASSE B
202501,1167,175.450000,VERSEMENT DE PENALITE DE RETARD AMO
202501,9207,158.670000,DEPISTAGE SURDITE
202501,3173,155.100000,TELESOINS PREVENTION PODOLOGUE
202501,9119,150.000000,COMPLEMENT POUR CURE THERMALE
202501,3527,147.390000,OPTIQUE -ENFANT-N°1 UNIFOCAUX (CMU)
202501,3562,140.790000,"VERRE DE CLASSE B, UNIFOCAL SPHERO-CYLINDRIQUE A SPHERE NEGATIVE COMPLEXE"
202501,3566,138.260000,"VERRE DE CLASSE B, MULTIFOCAL OU PROGRESSIF SPHERIQUE COMPLEXE"
202501,1438,138.000000,BUCCO DENT. CONSULTATION COMPLEXE MATERNITE
202501,2284,120.000000,PARTICIPATION ASSURE HOSPITALISATION PUBLIQUE (REGIME LOCAL)
202501,9514,120.000000,CONSULTATION DIETETIQUE
202501,1222,113.120000,VISITE URGENCE VU/MU
202501,2105,106.000000,SUPPLEMENT TRANSPORT DEFINITIF (PSY/SSR)
202501,3592,97.440000,PEC EXCEPTIONNELLE DÉPASSEMENT LPP
202501,3567,96.330000,"VERRE DE CLASSE B, MULTIFOCAL OU PROGRESSIF SPHERO-CYLINDRIQUE A SPHERE NEGATIVE COMPLEXE"
202501,1148,86.000000,REMUNERATION FORFAITAIRE PAR CONSULTATION POUR LE SUIVI DES PERSONNES AGEES
202501,1057,76.500000,TELECONSULTATION SPECIALISTE IVG
202501,3560,70.040000,"VERRE DE CLASSE B, UNIFOCAL SPHERIQUE COMPLEXE"
202501,3309,65.590000,CODE TRACEUR ACCOMPAGNEMENT
202501,1909,57.200000,FORFAIT SORTIE PRECOCE
202501,3327,50.480000,PREPARATION MAGISTRALE HOMEOPATHIQUE
202501,1459,50.320000,INDEMNITE FORFAITAIRE DEPLACEMENT CD
202501,3328,41.190000,MEDICAMENTS  HOMEOPATHIQUES UNITAIRES
202501,1924,40.000000,INDEMNISATION VACATION MEDECINS
202501,4501,39.750000,CONTROLES MEDICAUX (CLERCS ET EMPLOYES DE NOTAIRES)
202501,3583,32.450000,MONTURE (CMU)
202501,3569,32.330000,"VERRE DE CLASSE B, MULTIFOCAL OU PROGRESSIF SPHERO-CYLINDRIQUE A SPHERE POSITIVE COMPLEXE"
202501,9205,32.030000,DEPISTAGE CONDUITE ADDICTIVE
202501,1960,32.000000,SUPPLEMENT DEROGATOIRE SG SUR ACTE PROFESSIONNEL NON REMBOURSABLE (CNMSS)
202501,1188,27.540000,CONTRAT COLLECTIF   ATTEINTE DES OBJECTIFS
202501,3536,26.400000,VERRES UNIFOCAUX OP1 (CMU)
202501,3539,26.350000,VERRES UNIFOCAUX OP4 (CMU)
202501,1955,24.000000,PARTICIPATION ASSURE CONSULTATIONS ET SOINS EXTERNES (REGIME LOCAL)
202501,1705,23.000000,CDS DENTAIRE OPTANT FORF SUIVI
202501,3537,20.180000,VERRES UNIFOCAUX OP2 (CMU)
202501,3335,18.220000,Vaccin anti grippe Hémisphère Sud FLUARIX HS
202501,3538,17.780000,VERRES UNIFOCAUX OP3 (CMU)
202501,3388,13.520000,HONO DISP GC 2
202501,3402,10.090000,TELESOINS PHARMACIE
202501,4235,9.000000,REMBT FRAIS PARKING
202501,3581,7.460000,VERRES UNIFOCAUX OP5(CMU)
202501,3533,4.860000,VERRES / VERRES POUR ENFANT<18 ans -CRPCEN- (hors codage LPP)
202501,3532,2.320000,MONTURE/LUNETTE POUR ENFANT DE - DE 18 ANS CRPCEN (HORS CODAGE LPP)
202501,3410,2.290000,DISPENSATION PHARMACIE A DOMICILE
202501,3425,0.010000,PRESCRIPTION RENFORCEE INVALIDE
202501,5402,0.000000,FORFAIT C2S  PROTHESE AUDITIVE PANIER 2 - AVEC RESTE A CHARGE - OREILLE GAUCHE
202501,1921,0.000000,TEST DE DIAGNOSTIC RAPIDE
202501,2281,0.000000,FORFAIT PATIENT URGENCE
202501,5123,0.000000,"FORFAIT C2S - VERRE DE CLASSE A, MULTIFOCAL OU PROGRESSIF COMPLEXE"
202501,5403,0.000000,FORFAIT CMU/C2S PROTHESE AUDITIVE PANIER 2 - AVEC RESTE A CHARGE - OREILLE DROITE
202501,2297,0.000000,FORFAIT PATIENT URGENCE MINORE
202501,2299,0.000000,TARIF JOURNALIER LOCAL
202501,9152,0.000000,PLAN EVIN
202501,5129,0.000000,"FORFAIT C2S - OPTIQUE - APPAIRAGE NIVEAU 1, 2 OU 3 VERRE DE CLASSE A"
202501,5125,0.000000,FORFAIT C2S - MONTURE ADULTE DE CLASSE A
202501,2141,0.000000,FRAIS DE CHAMBRE PARTICULIERE POUR CONVENANCE PERSONNELLE
202501,5122,0.000000,"FORFAIT C2S - VERRE DE CLASSE A, UNIFOCAL COMPLEXE"
202501,5202,0.000000,FORFAIT REPARATION PROTHESE ADJOINTE
202501,5121,0.000000,"FORFAIT C2S - VERRE DE CLASSE A, NEUTRE OU UNIFOCAL SIMPLE"
202501,5205,0.000000,FORFAIT PROTHESE CONJOINTE (C2S HORS PANIER DE SOINS)
202501,5130,0.000000,FORFAIT C2S - OPTIQUE ¿ SUPPLEMENT POUR VERRES TEINTES (PLAFONNE)
202501,5126,0.000000,FORFAIT C2S - MONTURE ENFANT DE CLASSE A
202501,1954,0.000000,PARTICIPATION ASSURE CONSULTATIONS ET SOINS EXTERNES (C2S + AME)
202501,5124,0.000000,"FORFAIT C2S - VERRE DE CLASSE A, MULTIFOCAL OU PROGRESSIF TRES COMPLEXE"
202501,2283,0.000000,PARTICIPATION ASSURE HOSPITALISATION PUBLIQUE (C2S + AME)
202501,5206,0.000000,FORFAIT ORTHODONTIQUE (C2S HORS PANIER DE SOINS)
202501,2253,0.000000,TARIF JOURNALIER PRESTATIONS
202501,9191,0.000000,TICKET MODERATEUR - PREVENTION BUCCO-DENTAIRE
202501,9432,0.000000,TM DES INDEMNITES DE DEPLACEMENTS ID et MD
202501,1977,-4.000000,PARTICIPATION ASSURE HORS TIERS PAYANT TRANSMISE SANS ACTE DE REFERENCE OU TYPE DE FRANCHISES
202501,2217,-19.610000,FORFAIT CONSULTATION URGENCE HOPITAL
202501,5204,-270.500000,FORFAIT ORTHODONTIE
202501,5203,-965.270000,FORFAIT PROTHESE DENTAIRE CONJOINTE
202501,3118,-2817.500000,INDEMNISATION VACATION INFIRMIERS
202501,1172,-3240.000000,TELESURVEILLANCE : PS EFFECTUANT L'ACCOMPAGNEMENT
202501,5201,-3310.530000,FORFAIT PROTHESE DENTAIRE ADJOINTE
202501,6116,-16153.850000,IJ MAJOREES +3MOIS
202501,1973,-19864.100000,FRANCHISE HORS TIERS PAYANT SUR TRANSPORT
202501,1161,-36698.170000,COMPENSATION DE LA PERTE D'ACTIVITE DES PS
202501,3316,-57225.720000,MEDICAMENTS D  EXCEPTION
202501,1971,-544262.010000,FRANCHISE HORS TIERS PAYANT SUR MEDICAMENT
202501,2176,-1385156.750000,DIFFERENTIEL SSR REGLEMENTAIRE
202501,1975,-2792595.660000,FRANCHISE HORS TIERS PAYANT ACTE D'AUXILIAIRE MEDICAUX
202501,1956,-3885288.000000,PARTICIPATION ASSURE EN AMBULATOIRE
202501,1957,-4377892.520000,MAJORATION HORS PARCOURS DE SOINS
202501,2285,-9053046.000000,PARTICIPATION ASSURE SUR SEJOUR
202501,1974,-12859152.570000,FRANCHISE TIERS PAYANT SUR TRANSPORT
202501,1951,-28550310.000000,PARTICIPATION FORFAITAIRE HORS TIERS PAYANT
202501,1976,-58281837.290000,FRANCHISE TIERS PAYANT ACTE D'AUXILIAIRE MEDICAUX
202501,1952,-100232402.160000,PARTICIPATION FORFAITAIRE TIERS PAYANT
202501,1972,-157060313.700000,FRANCHISE TIERS PAYANT SUR MEDICAMENT
